datetime,city,lat,lon,aqi_hour,dominantpol_aqi,pm25,pm10,no2,so2,co,o3,temperature,humidity,pressure,wind_speed,wind_gust,dew_point
2025-08-07T11:00:00+07:00,Hanoi,21.0491,105.8831,100,pm25,100,67,27,14,12,12,27,88,1008,2.3,12,25
2025-08-07T10:00:00+07:00,Bangkok,13.7563309,100.5017651,64,pm25,64,28,0.6,0.6,0.1,4.8,31.1,77,1007.3,1.5,,
2025-08-07T09:00:00+05:30,Delhi,28.6341,77.2005,65,pm10,61,65,2.8,4.6,1,23.9,29.599999999999998,67.60000000000001,986.6999999999999,0.4666666666666666,8.2,23
2025-08-07T09:00:00+05:30,Mumbai,19.0863,72.8888,75,pm25,75,40,1.3,14.8,0.7,11.5,26,99.92,1007.415,43.8,11.3,25
2025-08-07T13:00:00+09:00,Seoul,37.566535,126.9779692,56,o3,50,27,9.3,5.5,5.4,56.3,30.3,56.9,991.8,3,,
2025-08-07T12:00:00+08:00,Beijing,39.954592,116.468117,49,o3,30,11,5.5,1.1,3.7,49.2,33,52,1007,2.5,,
2025-08-07T11:00:00+08:00,Shanghai,31.2047372,121.4489017,65,pm25,65,23,5.1,4.1,6.4,39.4,34,57.5,1005,4.6,,
2025-08-07T12:00:00+09:00,Shinjuku (Tokyo),35.713889,139.705556,42,pm25,42,14,12.1,1.5,2.3,27.2,28.4,78,996.4,1.5,,24.2
2025-08-07T12:00:00+09:00,Osaka,34.6937378,135.5021651,46,pm25,46,30,18.6,1.5,2.3,29.6,30,76,1001,4.6,,
2025-08-07T03:00:00+02:00,Paris,48.856614,2.3522219,27,pm25,27,15,21.8,0.6,0.1,22.5,16,83,1019,1,,
2025-08-07T03:00:00+01:00,London,51.5073509,-0.1277583,42,pm25,42,19,2.7,0.5,0.8,21,15.5,76.7,1018.2,4.5,,
2025-08-07T06:00:00+02:00,Frankfurt,50.075464,8.576305,25,pm25,25,13,,0.5,0.1,2.2,14,76,1019.5,2.8,10.2,10
2025-08-07T05:00:00+02:00,Hamburg,53.564486,9.96834,34,pm25,34,14,17.9,1.6,0.1,6.1,13,96.5,1019,2,10.8,12.5
2025-08-07T07:00:00+03:00,Moscow,55.791842,37.578405,74,pm25,74,41,32.5,0.4,10.6,2.9,21.3,69.5,1015.7,1,2,
2025-08-07T11:00:00+08:00,Wuhan,30.593099,114.305393,38,pm25,38,12,9.6,4.1,8.2,,31,84,1005,2.5,,
2025-08-07T06:00:00+02:00,Warsaw (Poland),52.225171,21.014783,30,pm25,30,13,21.9,2,0.1,12,10,93,1023,1.5,,9
2025-08-07T12:00:00+09:30,Winnellie (Australia),-12.424323299931126,130.89335024356842,56,pm25,56,17,1.3,1,4.7,12.8,30.9,29,1009.4,6.54,,9.7
2025-08-07T09:00:00+05:30,Bangalore (India),13.0270199,77.494094,52,pm10,45,52,8,3.6,10.2,10.6,23,93.8,951.7266666666668,0.94,,21
2025-08-07T09:00:00+05:30,Chennai (India),13.1278,80.2642,62,pm25,62,54,3.3,1.6,16.4,,29.576666666666668,67.82333333333334,82983.23333333334,0.9366666666666665,9.2,26
2025-08-06T21:00:00-04:00,Boston,42.325184,-71.05608,85,pm25,85,24,3.8,0.3,3.4,12.8,18.8,89,1031,,,
2025-08-06T22:00:00-04:00,Georgia,33.68797,-84.29048,31,pm25,31,18,2.1,0.2,2.3,2.4,22.7,59.6,1024.6,0.3,0.2,
2025-08-06T21:00:00-07:00,Phoenix,33.403055555556,-112.07527777778,30,pm10,25,30,4.7,,1.2,25.6,42,13,1010.1,4.1,9.2,9
2025-08-07T09:00:00+05:30,Hyderabad (India),17.417094,78.457437,157,pm25,157,75,6.9,15.6,6.9,7.3,29,72.73666666666666,1011,0.4266666666666666,10.2,24
2025-08-06T21:00:00-06:00,Denver,39.732146,-105.015317,30,pm25,30,21,11,0.6,5.2,14.7,28.3333,27,1022.4,4,4,
2025-08-07T13:00:00+09:00,Daegu,35.8714354,128.601445,44,o3,25,13,8.3,2.9,4.3,44.2,7.1,71,1016,3.9,,
2025-08-07T13:00:00+09:00,Gyeonggi,37.4112,127.2579,71,o3,55,20,9.7,2.8,4.6,70.6,32,46,1002.7,3,,19
2025-08-07T12:00:00+09:00,Nagoya,35.1814464,136.906398,53,pm25,53,20,13.9,1.5,4.5,27.2,33.3,62,999.9,2,,
2025-08-07T13:00:00+09:00,Fukuoka,33.5903547,130.4017155,63,pm25,63,59,19.5,1.5,5.6,44.8,30.7,79,1003,4.3,,
2025-08-07T13:00:00+09:00,Kawasaki,35.5309058,139.7030511,31,o3,1,22,24.1,1.5,3.4,31.2,30,70,997,2,,
2025-08-07T11:00:00+08:00,Shenzhen,22.543099,114.057868,68,pm25,68,38,9.6,4.1,9.1,19.1,32.1,84,1010.4,5.6,,
2025-08-07T12:00:00+08:00,Zhongshan (Taiwan),25.062361,121.526528,72,pm25,72,38,13.5,1.9,4,60.6,35,61,1010,2.3,11.8,26.5
2025-08-07T11:00:00+08:00,Chongqing,29.56301,106.551557,72,pm25,72,30,13.3,1.6,5.5,41.5,32,74,1005,1.5,,
2025-08-07T06:00:00+03:00,Istanbul (Turkey),41.015278,29.025,53,pm25,53,27,3.1,1.1,14.3,44.9,24.4,72.3,1006.8,6.1,,19.1
2025-08-07T12:00:00+07:00,Hanoi,21.0491,105.8831,104,pm25,104,69,32,14,11,19,27.5,85.5,1007,2.5,12,25
2025-08-07T10:00:00+05:30,Delhi,28.6341,77.2005,74,pm25,74,73,3.8,4.5,1,30.6,31,63.4,986.7,1.3,8.2,23.5
2025-08-07T10:00:00+05:30,Mumbai,19.0863,72.8888,76,pm25,76,40,1.3,14.9,0.7,11.6,26,99.92,1007.505,43.65,11.3,24.5
2025-08-07T12:00:00+08:00,Shanghai,31.2047372,121.4489017,59,pm25,59,26,4.6,4.1,6.4,43.5,33.5,59,1005,4.1,,
2025-08-07T13:00:00+09:00,Osaka,34.6937378,135.5021651,50,pm25,50,19,16.7,4.3,0.1,39.2,29,74,1001,4.6,,
2025-08-07T04:00:00+01:00,London,51.5073509,-0.1277583,30,pm25,30,21,2.8,0.3,1,20.8,15,78.1,1017.5,4.7,,
2025-08-07T12:00:00+08:00,Wuhan,30.593099,114.305393,38,pm25,38,13,6.9,2.6,2.8,,30,84,1005,5.6,,
2025-08-07T13:00:00+09:30,Winnellie (Australia),-12.424323299931126,130.89335024356842,55,pm25,55,16,1,1.1,4.3,13.3,32.2,27.2,1008.2,9.05,,9.7
2025-08-07T10:00:00+05:30,Bangalore (India),13.0270199,77.494094,73,pm25,73,53,7.6,1,9.2,10.3,23,93.8,951.66,0.88,,21
2025-08-07T10:00:00+05:30,Chennai (India),13.1278,80.2642,75,pm25,75,61,3.2,2.1,7.1,,29.62,66.46,82983.6,1.5,9.2,26
2025-08-07T10:00:00+05:30,Hyderabad (India),17.417094,78.457437,148,pm25,148,73,11.4,15.7,9.9,7.9,29,71.6825,1011,0.39249999999999996,10.2,24
2025-08-07T12:00:00+08:00,Shenzhen,22.543099,114.057868,70,pm25,70,34,9.2,4.1,9.1,22.4,32.2,79.2,1010.3,6.6,,
2025-08-07T12:00:00+08:00,Chongqing,29.56301,106.551557,62,o3,61,23,8.7,2.1,5.5,61.7,34,63,1005,1.5,,
2025-08-07T07:00:00+03:00,Istanbul (Turkey),41.015278,29.025,52,pm25,52,26,9.1,1.1,14.2,46.8,23.9,69.1,1007.5,2,,17.9
2025-08-07T12:00:00+07:00,Bangkok,13.7563309,100.5017651,43,pm25,43,16,0.6,0.6,0.1,4.8,34.3,8.1,1009.4,2,,
2025-08-07T11:00:00+05:30,Delhi,28.6341,77.2005,87,pm25,87,76,4.3,4.2,1,29,32.1,62.5,986.6,0.3,8.2,24
2025-08-07T11:00:00+05:30,Mumbai,19.0863,72.8888,86,pm25,86,50,1.6,14.9,1.2,11.6,25.5,99.92,1007.7866666666665,43.46333333333333,11.3,25
2025-08-07T14:00:00+09:00,Seoul,37.566535,126.9779692,62,o3,42,27,9.3,4.5,4.9,61.8,31.3,53.7,991.2,2.5,,
2025-08-07T13:00:00+08:00,Beijing,39.954592,116.468117,48,o3,17,7,6,1.1,2.8,48,33,46,1006,1.5,,
2025-08-07T13:00:00+08:00,Shanghai,31.2047372,121.4489017,63,pm25,63,22,4.2,4.1,6.4,43.5,35,53,1005,3.6,,
2025-08-07T13:00:00+09:00,Shinjuku (Tokyo),35.713889,139.705556,25,pm25,25,13,21.3,1.5,2.3,21.6,29.7,71.1,994.8,1,,23.9
2025-08-07T14:00:00+09:00,Osaka,34.6937378,135.5021651,42,o3,38,14,22.3,5.8,0.1,41.6,30,70,1001,3,,
2025-08-07T04:00:00+02:00,Paris,48.856614,2.3522219,33,pm25,33,15,31,0.6,0.1,19.1,16,85.5,1019,1,,
2025-08-07T05:00:00+01:00,London,51.5073509,-0.1277583,42,pm25,42,21,3.2,0.3,1,24.8,15.4,78.5,1017.6,5.3,,
2025-08-07T07:00:00+02:00,Frankfurt,50.075464,8.576305,25,pm25,25,12,,0.5,0.1,2.8,14,79,1019,2.3,10.2,10.5
2025-08-07T07:00:00+02:00,Hamburg,53.564486,9.96834,38,pm25,38,15,15.1,1.6,0.1,6.1,14,87,1019,2,10.8,12
2025-08-07T08:00:00+03:00,Moscow,55.791842,37.578405,78,pm25,78,29,27,0.7,10.6,4.3,21.1,71,1016.1,6,8.5,
2025-08-07T13:00:00+08:00,Wuhan,30.593099,114.305393,42,pm25,42,13,7.4,2.6,1.9,,30,84,1004,4.6,,
2025-08-07T07:00:00+02:00,Warsaw (Poland),52.225171,21.014783,33,pm25,33,17,26,2,0.1,12,13,82,1023,1.2,,10
2025-08-07T14:00:00+09:30,Winnellie (Australia),-12.424323299931126,130.89335024356842,65,pm25,65,56,1,1.1,4.3,13.3,30.9,29.700000000000003,1007.4,8.235,,16.1
2025-08-07T11:00:00+05:30,Bangalore (India),13.0270199,77.494094,58,pm25,58,53,7.9,5.5,14.6,10.5,24,93.775,951.66,0.8975,,22
2025-08-07T11:00:00+05:30,Chennai (India),13.1278,80.2642,86,pm25,86,60,3.9,1.7,7.7,,29.66,65.595,82946.975,2.0375,9.2,26
2025-08-07T00:00:00-04:00,Boston,42.325184,-71.05608,88,pm25,88,30,6.5,0.3,4.5,16.8,18.8,86.5,1030.5,,,
2025-08-06T23:00:00-04:00,Georgia,33.68797,-84.29048,35,pm25,35,23,3.4,0.2,3.4,2.4,22,57.8,1024.2,0.3,1.2,
2025-08-06T22:00:00-07:00,Phoenix,33.403055555556,-112.07527777778,39,pm25,39,26,4.7,,3.4,16.8,40,15,1010.4,1.5,9.2,9
2025-08-07T11:00:00+05:30,Hyderabad (India),17.417094,78.457437,170,pm25,170,75,12.9,15.7,9.8,9.5,31,67.63000000000001,1011,0.4833333333333334,10.2,24
2025-08-06T22:00:00-06:00,Denver,39.732146,-105.015317,25,pm25,25,16,11,0.6,3.7,13.5,26.6667,29.5,1022.2,1,5,
2025-08-07T14:00:00+09:00,Daegu,35.8714354,128.601445,44,o3,30,8,7.9,3,4.3,44,7.1,71,1016,3.9,,
2025-08-07T14:00:00+09:00,Gyeonggi,37.4112,127.2579,76,o3,46,20,12.1,3.3,4.5,75.7,32,46,1002,3,,19
2025-08-07T13:00:00+09:00,Nagoya,35.1814464,136.906398,55,pm25,55,14,9.3,1.5,3.4,40.8,34.2,51,999.4,4,,
2025-08-07T14:00:00+09:00,Fukuoka,33.5903547,130.4017155,68,pm25,68,64,18.6,1.5,5.6,47.2,31,76.5,1002,5.6,,
2025-08-07T14:00:00+09:00,Kawasaki,35.5309058,139.7030511,46,o3,1,41,26,2.9,4.5,45.6,31,70,996,2.5,,
2025-08-07T13:00:00+08:00,Shenzhen,22.543099,114.057868,70,pm25,70,35,9.2,4.1,8.2,27.7,33,79,1009.6,6.6,,
2025-08-07T13:00:00+08:00,Zhongshan (Taiwan),25.062361,121.526528,68,pm25,68,31,11.1,1.9,3.2,57.7,34.5,64.5,1009.5,2.3,11.8,27
2025-08-07T13:00:00+08:00,Chongqing,29.56301,106.551557,94,o3,63,25,8.7,2.6,5.5,93.6,35,59,1004,1.5,,
2025-08-07T08:00:00+03:00,Istanbul (Turkey),41.015278,29.025,51,pm25,51,25,14.5,1.1,14.3,46.2,23.9,69.1,1007.5,2,,17.9
2025-08-07T13:00:00+07:00,Hanoi,21.0491,105.8831,104,pm25,104,68,36,13,9,21,29,83,1007,2,12,26
2025-08-07T13:00:00+07:00,Bangkok,13.7563309,100.5017651,56,pm25,56,24,0.6,0.6,0.1,4.8,34.4,62.7,1007.4,1.5,,
2025-08-07T12:00:00+05:30,Delhi,28.6341,77.2005,97,pm25,97,85,3.8,4.4,1,37.5,32.65,61.825,986.775,0.325,8.2,24
2025-08-07T12:00:00+05:30,Mumbai,19.0863,72.8888,90,pm25,90,53,1.4,14.7,0.8,11.8,26,99.92,1007.7533333333332,44.413333333333334,11.3,24.5
2025-08-07T15:00:00+09:00,Seoul,37.566535,126.9779692,59,o3,30,17,9.1,4.8,4.6,58.9,31.8,51.9,991,3.6,,
2025-08-07T14:00:00+08:00,Beijing,39.954592,116.468117,48,o3,13,6,6.9,1.1,2.8,47.6,34,41,1006,0.5,,
2025-08-07T14:00:00+08:00,Shanghai,31.2047372,121.4489017,61,pm25,61,26,4.6,1.6,6.4,51.9,34,55.5,1004,3.6,,
2025-08-07T14:00:00+09:00,Shinjuku (Tokyo),35.713889,139.705556,34,pm25,34,13,21.3,1.5,2.3,21.6,29.7,71.1,994.8,1,,23.9
2025-08-07T15:00:00+09:00,Osaka,34.6937378,135.5021651,49,o3,46,19,27.8,2.9,0.1,48.8,31,66,1000,3.6,,
2025-08-07T05:00:00+02:00,Paris,48.856614,2.3522219,36,pm25,36,22,34.8,0.6,0.1,14.9,20,72,1019,1,,
2025-08-07T06:00:00+01:00,London,51.5073509,-0.1277583,30,pm25,30,16,13.3,1.1,1,19.5,16.2,76.7,1017.3,5.8,,
2025-08-07T08:00:00+02:00,Frankfurt,50.075464,8.576305,26,pm25,26,14,,0.5,0.1,3.7,14.5,79,1019,2.3,10.2,11
2025-08-07T08:00:00+02:00,Hamburg,53.564486,9.96834,38,pm25,38,15,17.4,1.6,0.1,4.5,15,84.5,1019,2.5,10.8,12.5
2025-08-07T09:00:00+03:00,Moscow,55.791842,37.578405,46,pm25,46,29,20.6,0.7,7.9,13,18,76,1017,7,13,
2025-08-07T14:00:00+08:00,Wuhan,30.593099,114.305393,42,pm25,42,11,6.4,2.6,1.9,,32,74,1003,2.5,,
2025-08-07T08:00:00+02:00,Warsaw (Poland),52.225171,21.014783,36,pm25,36,20,29.2,2,0.1,12,16,67,1023,1.5,,10
2025-08-07T15:00:00+09:30,Winnellie (Australia),-12.424323299931126,130.89335024356842,73,pm25,73,53,2.3,0.8,5.6,13.6,32.4,48.599999999999994,1007,13.245000000000001,,13.6
2025-08-07T12:00:00+05:30,Bangalore (India),13.0270199,77.494094,68,pm25,68,52,7.8,1.8,14,10.5,24.5,93.5,951.59,0.92,,22
2025-08-07T12:00:00+05:30,Chennai (India),13.1278,80.2642,121,pm25,121,77,3.7,1.6,5.1,,29.7675,66.01750000000001,82915.6,2.6425,9.2,25
2025-08-07T01:00:00-04:00,Boston,42.325184,-71.05608,85,pm25,85,30,9.3,0.3,5.6,16.8,18.8,84,1030.2,,,
2025-08-07T00:00:00-04:00,Georgia,33.68797,-84.29048,36,pm25,36,27,3.8,0.2,3.4,2.4,21.6,57.8,1023.5,0.3,0.4,
2025-08-06T23:00:00-07:00,Phoenix,33.403055555556,-112.07527777778,42,pm25,42,29,4.7,,3.4,15.2,39,16,1010.4,1.5,9.2,9
2025-08-07T12:00:00+05:30,Hyderabad (India),17.417094,78.457437,112,pm25,112,71,9.6,15.6,7.9,14.5,31,61.14,1009.5,0.32,10.2,23
2025-08-07T15:00:00+09:00,Daegu,35.8714354,128.601445,43,o3,38,8,8.1,3.5,6.3,42.5,7.1,71,1016,3.9,,
2025-08-07T15:00:00+09:00,Gyeonggi,37.4112,127.2579,83,o3,53,20,10.7,3.5,4.5,83.3,32,49,1002,3,,20
2025-08-07T14:00:00+09:00,Nagoya,35.1814464,136.906398,55,pm25,55,18,9.3,1.5,3.4,42.4,34.7,48.5,998.8,4.1,,
2025-08-07T15:00:00+09:00,Fukuoka,33.5903547,130.4017155,72,pm25,72,66,30.6,1.5,5.6,47.2,31.1,77,1001.4,3.6,,
2025-08-07T14:00:00+08:00,Shenzhen,22.543099,114.057868,72,pm25,72,34,8.3,4.1,8.2,32.1,33.5,79,1009.4,6.6,,
2025-08-07T14:00:00+08:00,Zhongshan (Taiwan),25.062361,121.526528,70,pm25,70,31,9.5,1.5,3,44.8,35,63,1009,3.3,11.8,27
2025-08-07T14:00:00+08:00,Chongqing,29.56301,106.551557,83,o3,63,17,5.5,4.1,4.6,82.5,36,56,1003,1.5,,
2025-08-07T09:00:00+03:00,Istanbul (Turkey),41.015278,29.025,49,pm25,49,25,20.8,1.2,14.2,46.2,22.3,90.7,1007.4,3,,20.7
2025-08-07T14:00:00+07:00,Hanoi,21.0491,105.8831,89,pm25,89,62,25,11,7,21,29,83,1006.5,2,12,26
2025-08-07T14:00:00+07:00,Bangkok,13.7563309,100.5017651,62,pm25,62,24,0.6,0.6,0.1,4.8,34.4,62.7,1007.4,1.5,,
2025-08-07T13:00:00+05:30,Mumbai,19.0863,72.8888,80,pm25,80,45,1.5,14.8,1,11.6,27.5,99.92,1007.3125,41.6225,11.3,25
2025-08-07T16:00:00+09:00,Seoul,37.566535,126.9779692,49,o3,46,17,9.5,4.5,4.8,49.3,32,51.9,990.7,3,,
2025-08-07T15:00:00+08:00,Beijing,39.954592,116.468117,50,o3,17,7,7.8,1.1,2.8,50,35,39,1005,0.5,,
2025-08-07T15:00:00+08:00,Shanghai,31.2047372,121.4489017,63,pm25,63,22,4.2,1.6,6.4,49.2,34.5,59,1004,4.6,,
2025-08-07T15:00:00+09:00,Shinjuku (Tokyo),35.713889,139.705556,55,pm25,55,22,20.4,1.5,3.4,21.6,32.5,64,993.7,2.5,,24.8
2025-08-07T16:00:00+09:00,Osaka,34.6937378,135.5021651,53,pm25,53,20,24.1,2.9,0.1,49.6,30.8,62.8,991.9,5.1,,
2025-08-07T06:00:00+02:00,Paris,48.856614,2.3522219,49,pm25,49,19,30.8,0.6,0.1,16,23.1,57.5,1019,2,,
2025-08-07T07:00:00+01:00,London,51.5073509,-0.1277583,30,pm25,30,17,20.2,1.1,1,19.9,16.9,75.3,1017.6,7.1,,
2025-08-07T09:00:00+02:00,Frankfurt,50.075464,8.576305,30,pm25,30,18,,0.5,0.1,9,15.5,74,1019,2,10.2,11
2025-08-07T09:00:00+02:00,Hamburg,53.564486,9.96834,38,pm25,38,16,18.8,1.6,0.1,5.7,16.5,79.5,1018.5,2.3,10.8,13
2025-08-07T10:00:00+03:00,Moscow,55.791842,37.578405,30,pm25,30,8,30.7,1.1,10.6,12.4,16.6,79,1017.5,9,12.5,
2025-08-07T15:00:00+08:00,Wuhan,30.593099,114.305393,34,pm25,34,15,7.8,2.6,1.9,,32,74,1003,2.5,,
2025-08-07T09:00:00+02:00,Warsaw (Poland),52.225171,21.014783,39,pm25,39,29,25.4,2,0.1,12,19,59,1023,2.5,,11
2025-08-07T16:00:00+09:30,Winnellie (Australia),-12.424323299931126,130.89335024356842,71,pm25,71,50,2.5,0.8,5.2,13.1,30.5,45.8,1007.1,6.95,,17.6
2025-08-07T13:00:00+05:30,Bangalore (India),13.0270199,77.494094,53,pm10,45,53,8,2.5,8.7,10.4,26,90.03333333333335,951.5233333333334,0.92,,22
2025-08-07T13:00:00+05:30,Chennai (India),13.1278,80.2642,126,pm25,126,72,2.9,1.8,3.6,,29.99,64.91666666666667,82890,3.3266666666666667,9.2,24
2025-08-07T02:00:00-04:00,Boston,42.325184,-71.05608,82,pm25,82,30,12.1,0.3,5.6,13.6,19.4,81.5,1030.1,,,
2025-08-07T01:00:00-04:00,Georgia,33.68797,-84.29048,32,pm25,32,23,2.8,0.2,3.4,2.4,21.1,58,1022.9,0.3,2.2,
2025-08-07T00:00:00-07:00,Phoenix,33.403055555556,-112.07527777778,37,pm25,37,23,4.7,,2.3,18.4,39,16,1010.4,3,9.2,9
2025-08-07T13:00:00+05:30,Hyderabad (India),17.417094,78.457437,185,pm25,185,81,6.2,14.1,7,16.7,32,57.75666666666667,1009,0.5166666666666667,10.2,24
2025-08-06T23:00:00-06:00,Denver,39.732146,-105.015317,30,pm25,30,14,7.4,0.6,2.9,11.4,25.5556,32,1021.8,2,4.3,
2025-08-07T16:00:00+09:00,Daegu,35.8714354,128.601445,42,o3,30,10,8.1,3.5,6.3,41.7,7.1,71,1016,3.9,,
2025-08-07T16:00:00+09:00,Gyeonggi,37.4112,127.2579,81,o3,50,27,13.8,3.5,4.5,81.2,32,46,1001.6,3.6,,19
2025-08-07T15:00:00+09:00,Nagoya,35.1814464,136.906398,46,pm25,46,18,9.3,1.5,1.2,42.4,35,47,999,4,,
2025-08-07T16:00:00+09:00,Fukuoka,33.5903547,130.4017155,72,pm25,72,53,22.3,1.5,3.4,53.3,31,77,1003,6.1,,
2025-08-07T15:00:00+09:00,Kawasaki,35.5309058,139.7030511,85,pm25,85,35,19.5,2.9,4.5,62.2,34,67,996,4.4,,
2025-08-07T15:00:00+08:00,Shenzhen,22.543099,114.057868,72,pm25,72,35,12.4,3.6,8.2,32.9,33.5,79,1009.2,5.6,,
2025-08-07T15:00:00+08:00,Zhongshan (Taiwan),25.062361,121.526528,50,pm25,50,31,8.9,1.8,3.3,44.7,35,65.6,1008,3.4,11.8,27.6
2025-08-07T15:00:00+08:00,Chongqing,29.56301,106.551557,74,pm25,74,17,3.7,4.1,3.7,73.4,36,56,1002,2.5,,
2025-08-07T10:00:00+03:00,Istanbul (Turkey),41.015278,29.025,48,pm25,48,24,21.7,1.1,14.1,39.2,22.3,90.7,1007.4,3,,20.7
2025-08-07T15:00:00+07:00,Hanoi,21.0491,105.8831,75,pm25,75,56,25,11,7,18,30,84,1005,2,12,27
2025-08-07T15:00:00+07:00,Bangkok,13.7563309,100.5017651,60,pm25,60,21,0.6,0.6,0.1,4.8,34,7.9,1007,2.5,,
2025-08-07T14:00:00+05:30,Delhi,28.6341,77.2005,99,pm10,95,99,1.6,5.6,1,41.2,33.2,59.2,986.8,0.7,8.2,24
2025-08-07T14:00:00+05:30,Mumbai,19.0863,72.8888,83,pm25,83,48,1.5,14.9,1,11.6,29.5,99.92,1006.3575,29.2225,11.3,25
2025-08-07T17:00:00+09:00,Seoul,37.566535,126.9779692,45,o3,25,17,9.9,4.5,5.2,45.2,31.8,51.9,990.8,3,,
2025-08-07T16:00:00+08:00,Beijing,39.954592,116.468117,52,o3,17,7,9.2,1.1,2.8,51.9,35,36,1005,0.5,,
2025-08-07T16:00:00+08:00,Shanghai,31.2047372,121.4489017,65,pm25,65,26,5.1,1.6,6.4,59.7,35,51,1004,3.6,,
2025-08-07T16:00:00+09:00,Shinjuku (Tokyo),35.713889,139.705556,59,pm25,59,29,20.4,1.5,3.4,21.6,31.6,68.1,993.5,2.5,,25
2025-08-07T17:00:00+09:00,Osaka,34.6937378,135.5021651,55,pm25,55,24,26,5.8,0.1,50.7,30,70,1000,3,,
2025-08-07T07:00:00+02:00,Paris,48.856614,2.3522219,36,pm25,36,19,34.8,0.6,0.1,14.9,24.8,56,1019,2.5,,
2025-08-07T08:00:00+01:00,London,51.5073509,-0.1277583,34,pm25,34,17,20.2,0.6,1.3,14.4,17.7,73.5,1017.5,7.6,,
2025-08-07T10:00:00+02:00,Frankfurt,50.075464,8.576305,33,pm25,33,20,,0.5,0.1,12.8,18.5,63,1020,1.2,10.2,11.5
2025-08-07T11:00:00+03:00,Moscow,55.791842,37.578405,55,pm25,55,6,29.3,0.5,9.4,14.3,16.6,81,1017.5,6.5,10.5,
2025-08-07T16:00:00+08:00,Wuhan,30.593099,114.305393,30,pm25,30,11,4.2,3.1,7.3,,33,70,1002,3.6,,
2025-08-07T10:00:00+02:00,Warsaw (Poland),52.225171,21.014783,30,pm25,30,18,20.5,2,0.1,12,20,52,1023,3,,10
2025-08-07T18:00:00+09:30,Winnellie (Australia),-12.424323299931126,130.89335024356842,54,pm25,54,29,1.3,0.9,4.8,12.9,28.8,43.4,1007.8,6.19,,16.4
2025-08-07T14:00:00+05:30,Bangalore (India),13.0270199,77.494094,53,pm10,45,53,7.8,5,5.5,10.5,27.5,61.8,951.18,0.88,,22
2025-08-07T14:00:00+05:30,Chennai (India),13.1278,80.2642,118,pm25,118,64,2.4,1.8,2.1,,30.097499999999997,64.9275,82809.9,3.1374999999999997,9.2,24
2025-08-07T03:00:00-04:00,Boston,42.325184,-71.05608,73,pm25,73,28,13,0.3,4.5,12.1,19.4,78.5,1029.6,,,
2025-08-07T02:00:00-04:00,Georgia,33.68797,-84.29048,31,pm25,31,20,2.2,0.2,2.3,2.4,21.1,57.2,1022.9,0.3,1.8,
2025-08-07T01:00:00-07:00,Phoenix,33.403055555556,-112.07527777778,32,pm25,32,28,4.7,,1.2,20,38,16,1010.8,2,9.2,8
2025-08-07T14:00:00+05:30,Hyderabad (India),17.417094,78.457437,167,pm25,167,76,8.7,13.9,7.2,15.2,33,51.84,1008,0.45,10.2,24
2025-08-07T17:00:00+09:00,Daegu,35.8714354,128.601445,42,o3,21,13,9.2,3.2,6.5,42.4,7.1,71,1016,3.9,,
2025-08-07T17:00:00+09:00,Gyeonggi,37.4112,127.2579,75,o3,38,21,15,3,4.7,75.2,33,46,1001.6,2,,20
2025-08-07T16:00:00+09:00,Nagoya,35.1814464,136.906398,42,o3,38,15,8.4,1.5,1.2,41.6,34.4,48,998.9,5.7,,
2025-08-07T17:00:00+09:00,Fukuoka,33.5903547,130.4017155,65,pm25,65,50,16.7,1.5,3.4,53.3,31,70,1002,3,,
2025-08-07T16:00:00+09:00,Kawasaki,35.5309058,139.7030511,65,pm25,65,28,22.3,2.9,3.4,44.8,32,64,995.5,6.4,,
2025-08-07T16:00:00+08:00,Shenzhen,22.543099,114.057868,80,pm25,80,37,17.9,4.6,5.5,35,33.9,84,1009,3.6,,
2025-08-07T16:00:00+08:00,Zhongshan (Taiwan),25.062361,121.526528,57,pm25,57,29,9.7,2.3,2.6,30.9,34,60.5,1008,2.8,11.8,25.5
2025-08-07T16:00:00+08:00,Chongqing,29.56301,106.551557,110,o3,78,24,6,4.6,4.6,110.1,35,56,1001,2.5,,
2025-08-07T11:00:00+03:00,Istanbul (Turkey),41.015278,29.025,48,pm25,48,24,22.8,1.1,14.3,35.4,24.7,77.5,1008.7,1,,20.5
2025-08-07T16:00:00+07:00,Hanoi,21.0491,105.8831,59,pm25,59,52,28,11,7,19,30.5,81.5,1005,2,12,27
2025-08-07T16:00:00+07:00,Bangkok,13.7563309,100.5017651,52,pm25,52,21,0.6,0.6,0.1,4.8,34,7.9,1008,2.5,,
2025-08-07T15:00:00+05:30,Delhi,28.6341,77.2005,110,pm10,107,110,2.1,4.3,1,36.3,32.625,60.349999999999994,986.8,0.625,8.2,24
2025-08-07T18:00:00+09:00,Seoul,37.566535,126.9779692,43,o3,25,15,10.2,4.2,4.9,43,31.2,53.7,991,3,,
2025-08-07T17:00:00+08:00,Beijing,39.954592,116.468117,46,o3,13,6,9.2,1.1,2.8,46.3,33,55,1005,0.5,,
2025-08-07T17:00:00+08:00,Shanghai,31.2047372,121.4489017,61,pm25,61,23,4.6,1.6,6.4,50.6,34,52,1004,4.6,,
2025-08-07T17:00:00+09:00,Shinjuku (Tokyo),35.713889,139.705556,55,pm25,55,12,11.2,1.5,2.3,21.6,31.6,68.1,993.5,2.5,,25
2025-08-07T18:00:00+09:00,Osaka,34.6937378,135.5021651,53,pm25,53,23,23.2,5.8,0.1,45.6,30.1,66,1000,3.6,,
2025-08-07T08:00:00+02:00,Paris,48.856614,2.3522219,53,pm25,53,31,25,0.6,0.1,25.9,26.5,44.5,1019,2.5,,
2025-08-07T09:00:00+01:00,London,51.5073509,-0.1277583,34,pm25,34,18,21.5,1.3,1.4,14.3,19,67.2,1016.8,5.1,,
2025-08-07T11:00:00+02:00,Frankfurt,50.075464,8.576305,28,pm25,28,16,,0.5,0.1,21.4,20.5,50.5,1019,1,10.2,10
2025-08-07T11:00:00+02:00,Hamburg,53.564486,9.96834,42,pm25,42,17,10.1,1.6,0.1,19.1,19.5,66,1017.5,3.3,10.8,13
2025-08-07T12:00:00+03:00,Moscow,55.791842,37.578405,38,pm25,38,14,29.8,0.4,10,12.1,16.6,81,1018.3,8,10,
2025-08-07T17:00:00+08:00,Wuhan,30.593099,114.305393,38,pm25,38,15,4.6,2.6,7.3,,33,70,1002,2.5,,
2025-08-07T11:00:00+02:00,Warsaw (Poland),52.225171,21.014783,24,pm25,24,13,16.8,2,0.1,12,21,49,1023,3.6,,10
2025-08-07T19:00:00+09:30,Winnellie (Australia),-12.424323299931126,130.89335024356842,55,pm25,55,16,1.2,1,4.9,11.6,27.8,56.4,1008.2,4.79,,16.4
2025-08-07T15:00:00+05:30,Bangalore (India),13.0270199,77.494094,52,pm10,45,52,7.9,3.2,6.5,10.7,28,60.025000000000006,951.1225,0.89,,22
2025-08-07T15:00:00+05:30,Chennai (India),13.1278,80.2642,97,pm25,97,59,2.2,1.3,1.9,,30.169999999999998,64.82666666666667,82736.06666666667,3.4899999999999998,9.2,27
2025-08-07T04:00:00-04:00,Boston,42.325184,-71.05608,68,pm25,68,24,12.1,0.5,4.5,10.4,19.4,80,1029.4,,,
2025-08-07T03:00:00-04:00,Georgia,33.68797,-84.29048,31,pm25,31,18,1.9,0.2,2.3,5.6,21.1,56.8,1022.9,0.3,1.2,
2025-08-07T02:00:00-07:00,Phoenix,33.403055555556,-112.07527777778,30,pm25,30,20,4.7,,1.2,21.6,37,15,1010.8,3,9.2,7
2025-08-07T15:00:00+05:30,Hyderabad (India),17.417094,78.457437,196,pm25,196,84,6.3,13.5,6.1,16.6,33,51.7175,1007,0.45749999999999996,10.2,23
2025-08-07T17:00:00+09:00,Nagoya,35.1814464,136.906398,50,pm25,50,16,6.5,1.5,2.3,41.6,32.7,52,999.4,7.9,,
2025-08-07T18:00:00+09:00,Fukuoka,33.5903547,130.4017155,65,pm25,65,54,12.1,1.5,6.7,48.8,31,74,1003,5.1,,
2025-08-07T17:00:00+09:00,Kawasaki,35.5309058,139.7030511,65,pm25,65,28,22.3,1.5,3.4,34.4,32,59,996,5.1,,
2025-08-07T17:00:00+08:00,Shenzhen,22.543099,114.057868,82,pm25,82,40,14.7,4.1,5.5,36.6,31.9,83,1009,2,,
2025-08-07T17:00:00+08:00,Zhongshan (Taiwan),25.062361,121.526528,61,pm25,61,30,12.3,2.5,3,18.9,33.5,64.5,1008,2.8,11.8,26
2025-08-07T17:00:00+08:00,Chongqing,29.56301,106.551557,109,o3,70,25,6.4,4.6,4.6,108.6,36,53,1001,2.5,,
2025-08-07T12:00:00+03:00,Istanbul (Turkey),41.015278,29.025,49,pm25,49,24,22.8,1.1,14.6,35.3,24.9,78.5,1007.7,4.6,,20.9
2025-08-07T17:00:00+07:00,Hanoi,21.0491,105.8831,54,pm25,54,50,28,11,8,17,30,84,1005,2,12,27
2025-08-07T17:00:00+07:00,Bangkok,13.7563309,100.5017651,40,pm25,40,23,0.6,0.6,0.1,4.8,33,7.9,1007,2,,
2025-08-07T16:00:00+05:30,Delhi,28.6341,77.2005,112,pm25,112,77,2.5,5.7,0.7,36.4,32.56666666666667,60.63333333333333,986.8333333333334,0.5666666666666667,8.2,25
2025-08-07T16:00:00+05:30,Mumbai,19.0863,72.8888,105,pm25,105,62,1.3,14.9,0.7,11.7,29,93.43999999999998,1004.8824999999999,28.360000000000003,11.3,25
2025-08-07T19:00:00+09:00,Seoul,37.566535,126.9779692,38,o3,34,20,10.8,4.6,5.3,38,29.8,65.7,991.3,3.6,,
2025-08-07T18:00:00+08:00,Beijing,39.954592,116.468117,49,o3,13,7,10.6,1.6,2.8,49.2,31,66,1005,0.5,,
2025-08-07T18:00:00+08:00,Shanghai,31.2047372,121.4489017,55,pm25,55,22,5.5,1.6,6.4,51.3,33,55,1004,2.5,,
2025-08-07T18:00:00+09:00,Shinjuku (Tokyo),35.713889,139.705556,46,pm25,46,13,10.2,1.5,2.3,21.6,31.6,64.9,993.5,2,,24.2
2025-08-07T19:00:00+09:00,Osaka,34.6937378,135.5021651,50,pm25,50,25,18.6,5.8,0.1,40,30.4,78,1001,5.1,,
2025-08-07T09:00:00+02:00,Paris,48.856614,2.3522219,36,pm25,36,34,24.8,0.6,0.1,18.3,27.2,41,1019,2.5,,
2025-08-07T10:00:00+01:00,London,51.5073509,-0.1277583,34,pm25,34,18,27,1.6,1,17.1,20,64.5,1016.9,8,,
2025-08-07T12:00:00+02:00,Frankfurt,50.075464,8.576305,27,o3,23,11,,1.1,0.1,26.7,22.5,47.5,1019,2.3,10.2,11
2025-08-07T12:00:00+02:00,Hamburg,53.564486,9.96834,42,pm25,42,17,6.9,1.6,0.1,30.5,20.5,60,1017,3.8,10.8,12.5
2025-08-07T18:00:00+08:00,Wuhan,30.593099,114.305393,38,pm25,38,11,8.3,3.1,3.7,,33,66,1002,3.6,,
2025-08-07T12:00:00+02:00,Warsaw (Poland),52.225171,21.014783,26,pm25,26,13,20.2,2,0.1,12,23,43,1023,2.5,,10
2025-08-07T20:00:00+09:30,Winnellie (Australia),-12.424323299931126,130.89335024356842,53,pm25,53,15,2.2,1.1,5.4,11.2,26,66.2,1009.1,3.58,,17.9
2025-08-07T16:00:00+05:30,Bangalore (India),13.0270199,77.494094,50,pm10,45,50,7.4,0.7,7.9,10.7,29,56.525000000000006,950.9375,0.895,,21
2025-08-07T16:00:00+05:30,Chennai (India),13.1278,80.2642,86,pm25,86,60,2.1,1,2.5,,30.2175,62.92,82681.7,3.5075,9.2,27
2025-08-07T05:00:00-04:00,Boston,42.325184,-71.05608,70,pm25,70,22,13.9,0.3,4.5,4.8,19.4,83,1029.6,,,
2025-08-07T04:00:00-04:00,Georgia,33.68797,-84.29048,28,pm25,28,17,2.9,0.2,2.3,7.3,20.5,56,1023.2,0.3,1.2,
2025-08-07T03:00:00-07:00,Phoenix,33.403055555556,-112.07527777778,24,pm25,24,16,4.7,,1.2,17.6,36,18,1011.1,2.5,9.2,8
2025-08-07T16:00:00+05:30,Hyderabad (India),17.417094,78.457437,155,pm25,155,76,13,13.8,9.1,10,26.5,66.85249999999999,1007,0.5725,10.2,23
2025-08-07T03:00:00-06:00,Denver,39.732146,-105.015317,30,pm25,30,16,9.2,0.6,2.6,13.9,22.2222,35,1021.8,1,4,
2025-08-07T19:00:00+09:00,Daegu,35.8714354,128.601445,38,o3,38,11,10.2,3,4.3,38.4,7.1,71,1016,3.9,,
2025-08-07T19:00:00+09:00,Gyeonggi,37.4112,127.2579,55,o3,50,23,13.8,3.2,5.2,54.8,29,65,1002.3,3.6,,22
2025-08-07T18:00:00+09:00,Nagoya,35.1814464,136.906398,53,pm25,53,17,7.5,1.5,2.3,41.6,31.8,54.6,1000,7.3,,
2025-08-07T19:00:00+09:00,Fukuoka,33.5903547,130.4017155,65,pm25,65,50,13,1.5,6.7,47.2,30.2,79,1003,4.1,,
2025-08-07T18:00:00+09:00,Kawasaki,35.5309058,139.7030511,63,pm25,63,24,19.5,1.5,3.4,34.4,33,66,996,5.6,,
2025-08-07T18:00:00+08:00,Shenzhen,22.543099,114.057868,82,pm25,82,40,10.6,4.1,5.5,34.2,30.5,83,1008.8,2.1,,
2025-08-07T18:00:00+08:00,Zhongshan (Taiwan),25.062361,121.526528,55,pm25,55,32,13.3,2.5,3.6,11.7,32.5,64,1008,1.8,11.8,25
2025-08-07T18:00:00+08:00,Chongqing,29.56301,106.551557,96,o3,70,32,5.5,4.1,4.6,95.5,35,59,1000,2.5,,
2025-08-07T13:00:00+03:00,Istanbul (Turkey),41.015278,29.025,47,pm25,47,24,14,1.1,14.6,34.2,28,73.9,1007.7,4.6,,22.9
2025-08-07T17:00:00+05:30,Delhi,28.6341,77.2005,82,pm25,82,78,2.9,3.8,1,37.9,30.975,63.675,986.8,0.7500000000000001,8.2,25
2025-08-07T17:00:00+05:30,Mumbai,19.0863,72.8888,115,pm25,115,67,1.4,14.7,0.8,11.7,29,94.38499999999999,1004.485,27.685,11.3,24.5
2025-08-07T20:00:00+09:00,Seoul,37.566535,126.9779692,42,pm25,42,22,11.4,4.6,5.4,40.5,28,68.7,992.1,4.1,,
2025-08-07T19:00:00+08:00,Beijing,39.954592,116.468117,64,o3,25,11,11.9,1.6,3.7,64.3,31,66,1005,1.5,,
2025-08-07T19:00:00+08:00,Shanghai,31.2047372,121.4489017,55,pm25,55,23,6.4,1.6,6.4,51.3,33,55,1005,1.5,,
2025-08-07T19:00:00+09:00,Shinjuku (Tokyo),35.713889,139.705556,57,pm25,57,37,12.1,1.5,2.3,21.6,30.4,69.9,994.1,2,,24.3
2025-08-07T20:00:00+09:00,Osaka,34.6937378,135.5021651,50,pm25,50,18,17.6,4.3,0.1,40.8,29.3,78,1002,2.5,,
2025-08-07T10:00:00+02:00,Paris,48.856614,2.3522219,53,pm25,53,34,25,0.6,0.1,25.9,28,44,1019,2.5,,
2025-08-07T13:00:00+02:00,Frankfurt,50.075464,8.576305,34,o3,21,9,,0.5,0.1,33.5,24,45.5,1018,3,10.2,11.5
2025-08-07T13:00:00+02:00,Hamburg,53.564486,9.96834,42,pm25,42,17,5.1,1.6,0.1,30.5,22,51,1016.5,4.3,10.8,11.5
2025-08-07T19:00:00+08:00,Wuhan,30.593099,114.305393,50,pm25,50,16,6.9,3.1,3.7,,32,70,1003,2.5,,
2025-08-07T13:00:00+02:00,Warsaw (Poland),52.225171,21.014783,24,pm25,24,12,20.3,2,0.1,12,22,43,1023,4.6,,9
2025-08-07T17:00:00+05:30,Chennai (India),13.1278,80.2642,89,pm25,89,56,2.6,1.3,2.8,,30.134999999999998,64.53999999999999,82643.95,3.5949999999999998,9.2,27
2025-08-07T06:00:00-04:00,Boston,42.325184,-71.05608,81,pm25,81,26,16.7,0.6,4.5,0.8,20,77.6,1029.8,,,
2025-08-07T05:00:00-04:00,Georgia,33.68797,-84.29048,26,pm25,26,16,2.9,0.2,2.3,6.4,20,57.6,1023.6,0.3,0.1,
2025-08-07T04:00:00-07:00,Phoenix,33.403055555556,-112.07527777778,25,pm25,25,18,4.7,,1.2,12.8,36,16,1011.1,2.5,9.2,7
2025-08-07T17:00:00+05:30,Hyderabad (India),17.417094,78.457437,449,pm25,449,110,16.5,14.5,10,7.9,25.5,91.555,1007,0.46499999999999997,10.2,24
2025-08-07T04:00:00-06:00,Denver,39.732146,-105.015317,30,pm25,30,16,13.3,0.6,2.9,13,21.6667,37,1021.8,2,5.5,
2025-08-07T20:00:00+09:00,Daegu,35.8714354,128.601445,38,pm25,38,17,12.6,2.9,4.7,34.1,7.1,71,1016,3.9,,
2025-08-07T20:00:00+09:00,Gyeonggi,37.4112,127.2579,50,pm25,50,21,13.5,3.2,5.2,44.3,28,69,1003,4.1,,22
2025-08-07T19:00:00+09:00,Nagoya,35.1814464,136.906398,46,pm25,46,17,6.5,1.5,2.3,40,31.1,56,1001,5.1,,
2025-08-07T20:00:00+09:00,Fukuoka,33.5903547,130.4017155,65,pm25,65,52,13.9,1.5,6.7,48.1,30,76.9,1004,4.1,,
2025-08-07T19:00:00+09:00,Kawasaki,35.5309058,139.7030511,57,pm25,57,29,14.9,1.5,4.5,33.6,32,72,996,6.1,,
2025-08-07T19:00:00+08:00,Shenzhen,22.543099,114.057868,80,pm25,80,45,13.8,4.1,6.4,29.3,30,85.5,1009.3,2.2,,
2025-08-07T19:00:00+08:00,Zhongshan (Taiwan),25.062361,121.526528,50,pm25,50,32,12.9,1.8,3.8,11.1,31.5,68,1008,1.5,11.8,25
2025-08-07T19:00:00+08:00,Chongqing,29.56301,106.551557,91,pm25,91,39,5.5,3.6,4.6,89,34,63,1001,3.6,,
2025-08-07T14:00:00+03:00,Istanbul (Turkey),41.015278,29.025,48,pm25,48,24,8,1,14.7,38.1,27.9,73.8,1007.5,6.6,,22.8
2025-08-07T20:00:00+07:00,Hanoi,21.0491,105.8831,101,pm25,101,62,29,11,9,10,29,88,1005.5,1.8,12,27
2025-08-07T19:00:00+07:00,Bangkok,13.7563309,100.5017651,51,pm25,51,18,0.6,0.6,0.1,4.8,31,76,1006.8,1.5,,
2025-08-07T18:00:00+05:30,Delhi,28.6341,77.2005,89,pm25,89,85,3.7,4.8,1,36.1,29.333333333333332,66.43333333333334,986.7333333333332,0.7000000000000001,8.2,25
2025-08-07T18:00:00+05:30,Mumbai,19.0863,72.8888,107,pm25,107,63,1.3,14.8,0.7,11.6,29,93.53,1004.33,28.15,11.3,25
2025-08-07T22:00:00+09:00,Seoul,37.566535,126.9779692,38,pm25,38,21,14.2,4.6,5.5,34.6,27.3,69.8,993.1,2,,
2025-08-07T21:00:00+08:00,Beijing,39.954592,116.468117,76,pm25,76,36,10.6,2.1,7.3,62.3,28,83,1006,1.5,,
2025-08-07T20:00:00+08:00,Shanghai,31.2047372,121.4489017,57,pm25,57,23,7.8,2.1,6.4,41.9,33,55,1005,1.5,,
2025-08-07T21:00:00+09:00,Shinjuku (Tokyo),35.713889,139.705556,55,pm25,55,27,10.2,1.5,3.4,21.6,28.7,79,995.8,1.5,,24.7
2025-08-07T21:00:00+09:00,Osaka,34.6937378,135.5021651,46,pm25,46,46,18.6,5.8,2.3,36.8,29.2,84.6,1002,5.8,,
2025-08-07T12:00:00+02:00,Paris,48.856614,2.3522219,35,o3,33,23,15.6,0.6,0.1,35.4,27,33,1018,3,,
2025-08-07T12:00:00+01:00,London,51.5073509,-0.1277583,42,pm25,42,27,22.4,1.1,1.9,15.9,22.7,54.8,1016,9.1,,
2025-08-07T15:00:00+02:00,Frankfurt,50.075464,8.576305,42,o3,20,8,,0.7,0.1,41.9,25.5,42.5,1018,4.1,10.2,12
2025-08-07T15:00:00+02:00,Hamburg,53.564486,9.96834,38,o3,42,17,4.6,1.6,0.1,38.2,22,53,1016,5.1,10.8,12
2025-08-07T20:00:00+08:00,Wuhan,30.593099,114.305393,55,pm25,55,17,8.3,1.6,3.7,,31,79,1003,2.5,,
2025-08-07T15:00:00+02:00,Warsaw (Poland),52.225171,21.014783,25,pm25,25,13,21.2,2,0.1,12,22,40,1022,3,,8
2025-08-07T22:00:00+09:30,Winnellie (Australia),-12.424323299931126,130.89335024356842,85,pm25,85,30,1.6,1,5.6,12.8,24.3,82.6,1010.9,2.8,,20
2025-08-07T18:00:00+05:30,Chennai (India),13.1278,80.2642,87,pm25,87,53,2.6,1.3,1.8,,30.12,64.36666666666666,82682.03333333333,2.893333333333333,9.2,26
2025-08-07T07:00:00-04:00,Boston,42.325184,-71.05608,82,pm25,82,34,13,0.6,3.4,4,21.1,80,1030,,,
2025-08-07T06:00:00-04:00,Georgia,33.68797,-84.29048,26,pm25,26,17,5.4,0.2,3.4,1.6,20.5,56.5,1024.4,0.3,3.7,
2025-08-07T05:00:00-07:00,Phoenix,33.403055555556,-112.07527777778,37,pm25,37,26,4.7,,2.3,5.6,35,17,1011.5,2,9.2,7
2025-08-07T18:00:00+05:30,Hyderabad (India),17.417094,78.457437,87,pm10,59,87,10.6,14.2,7.8,7.5,26,95.48,1008,0.5566666666666666,10.2,24
2025-08-07T06:00:00-06:00,Denver,39.732146,-105.015317,42,pm25,42,33,13.8,0.6,7.7,11.8,20.5556,37.5,1022.2,1,7,
2025-08-07T22:00:00+09:00,Daegu,35.8714354,128.601445,53,pm25,53,20,17,3.2,5,17.9,7.1,71,1016,3.9,,
2025-08-07T22:00:00+09:00,Gyeonggi,37.4112,127.2579,42,pm25,42,23,12.3,3.3,5.2,32.3,27,69,1004,2.5,,21
2025-08-07T21:00:00+09:00,Nagoya,35.1814464,136.906398,46,pm25,46,16,6.5,1.5,2.3,40.8,30.5,60,1002,3.5,,
2025-08-07T22:00:00+09:00,Fukuoka,33.5903547,130.4017155,63,pm25,63,51,9.3,1.5,5.6,46.5,29.6,79.1,1004.5,3.3,,
2025-08-07T21:00:00+09:00,Kawasaki,35.5309058,139.7030511,63,pm25,63,40,23.2,1.5,4.5,28.9,31,81,997.5,4.3,,
2025-08-07T20:00:00+08:00,Shenzhen,22.543099,114.057868,74,pm25,74,39,14.7,3.6,9.1,23.2,30,88,1009.5,3,,
2025-08-07T21:00:00+08:00,Zhongshan (Taiwan),25.062361,121.526528,68,pm25,68,29,20.4,5.6,4.6,18.7,28.5,81,1009,2.5,11.8,25
2025-08-07T20:00:00+08:00,Chongqing,29.56301,106.551557,102,pm25,102,43,4.6,2.1,4.6,89,33,66,1002,2.5,,
2025-08-07T15:00:00+03:00,Istanbul (Turkey),41.015278,29.025,49,pm25,49,24,8.7,1,14.8,38.4,27.9,82.8,1007,7.7,,24.7
2025-08-07T20:00:00+07:00,Bangkok,13.7563309,100.5017651,59,pm25,59,40,0.6,0.6,0.1,4.8,30.1,8.1,1008.4,1.5,,
2025-08-07T19:00:00+05:30,Delhi,28.6341,77.2005,86,pm10,80,86,3.4,3.6,1.2,29.9,28.5,67.8,986.7,0.6,8.2,25
2025-08-07T19:00:00+05:30,Mumbai,19.0863,72.8888,114,pm25,114,66,1.3,14.9,0.6,11.4,28.5,95.7825,1004.3700000000001,28.115,11.3,25
2025-08-07T21:00:00+08:00,Shanghai,31.2047372,121.4489017,59,pm25,59,24,9.2,1.6,6.4,39,33,55,1006,1.5,,
2025-08-07T22:00:00+09:00,Osaka,34.6937378,135.5021651,46,pm25,46,18,15.8,5.8,0.1,37.6,27.1,94,1003,4.6,,
2025-08-07T13:00:00+02:00,Paris,48.856614,2.3522219,44,o3,42,25,17.8,0.6,0.1,43.6,29.5,33,1018,3.3,,
2025-08-07T13:00:00+01:00,London,51.5073509,-0.1277583,38,pm25,38,19,19.7,1.1,1.9,15.9,23.1,50.2,1015.5,9.2,,
2025-08-07T21:00:00+08:00,Wuhan,30.593099,114.305393,55,pm25,55,15,8.3,2.6,3.7,,30,84,1004,1.5,,
2025-08-07T23:00:00+09:30,Winnellie (Australia),-12.424323299931126,130.89335024356842,70,pm25,70,22,2.1,0.8,5.6,10.2,23.9,84.8,1011,2,,20.8
2025-08-07T19:00:00+05:30,Chennai (India),13.1278,80.2642,999,pm10,104,999,2.8,1.8,1.9,,30.08,64.6,82741.6,2.56,9.2,26
2025-08-07T08:00:00-04:00,Boston,42.325184,-71.05608,81,pm25,81,34,10.2,0.6,3.4,4,21.3,79.5,1030,,,
2025-08-07T07:00:00-04:00,Georgia,33.68797,-84.29048,15,pm25,15,10,4.3,0.2,3.4,5.6,22.1,53.1,1024.8,0.3,3.8,
2025-08-07T06:00:00-07:00,Phoenix,33.403055555556,-112.07527777778,33,pm25,33,31,4.7,,3.4,0.8,36,16,1011.5,2.5,9.2,7
2025-08-07T19:00:00+05:30,Hyderabad (India),17.417094,78.457437,90,pm25,90,78,8.5,12.9,6.8,6.9,24,99.36,1009.5,0.74,10.2,22.5
2025-08-07T21:00:00+08:00,Shenzhen,22.543099,114.057868,65,pm25,65,40,22,4.1,7.3,20.8,30,89,1009.3,2.5,,
2025-08-07T21:00:00+08:00,Chongqing,29.56301,106.551557,102,pm25,102,57,5.1,1.1,4.6,72.7,30,79,1003,5.6,,
2025-08-07T16:00:00+03:00,Istanbul (Turkey),41.015278,29.025,51,pm25,51,25,9.6,1,14.7,38.4,26.5,89.3,1007,10.2,,24.6
2025-08-07T21:00:00+07:00,Hanoi,21.0491,105.8831,108,pm25,108,62,25,11,6,10,29,88,1006,1.8,12,27
2025-08-07T20:00:00+05:30,Delhi,28.6341,77.2005,82,pm25,82,74,4.7,4.5,2.1,20.3,28.175,68.925,986.7249999999999,0.375,8.2,24
2025-08-07T20:00:00+05:30,Mumbai,19.0863,72.8888,110,pm25,110,64,1.3,14.8,0.6,11.5,28,99.92,1004.8,28.265,11.3,25
2025-08-07T23:00:00+09:00,Seoul,37.566535,126.9779692,34,pm25,34,23,16,4.3,6,31.2,26.6,71.8,993.3,2,,
2025-08-07T22:00:00+08:00,Beijing,39.954592,116.468117,72,pm25,72,34,9.6,2.6,7.3,58.4,27,88,1006,1.5,,
2025-08-07T22:00:00+08:00,Shanghai,31.2047372,121.4489017,57,pm25,57,26,10.1,1.6,7.3,39,32,62,1006,1.5,,
2025-08-07T22:00:00+09:00,Shinjuku (Tokyo),35.713889,139.705556,55,pm25,55,15,9.3,1.5,3.4,21.6,28.7,79,995.8,1.5,,24.7
2025-08-07T14:00:00+02:00,Paris,48.856614,2.3522219,45,o3,36,29,15.4,0.6,0.1,44.7,30.1,30,1017,3.3,,
2025-08-07T14:00:00+01:00,London,51.5073509,-0.1277583,38,pm25,38,19,21.1,1.1,1.9,16.7,23.4,50.8,1015.3,9,,
2025-08-07T16:00:00+02:00,Frankfurt,50.075464,8.576305,46,o3,22,10,,0.7,0.1,45.9,26,42.5,1017.5,2.5,10.2,12.5
2025-08-07T16:00:00+02:00,Hamburg,53.564486,9.96834,38,o3,42,17,4.6,1.6,0.1,38.2,23,51,1015.5,4.3,10.8,12.5
2025-08-07T22:00:00+08:00,Wuhan,30.593099,114.305393,46,pm25,46,18,7.4,3.1,4.6,,30,89,1005,0.5,,
2025-08-07T16:00:00+02:00,Warsaw (Poland),52.225171,21.014783,27,pm25,27,12,22.9,2,0.1,12,23,40,1022,1.5,,9
2025-08-07T20:00:00+05:30,Chennai (India),13.1278,80.2642,999,pm10,133,999,2.9,2.1,3,,30.105,63.4925,82776.85,2.56,9.2,26
2025-08-07T09:00:00-04:00,Boston,42.325184,-71.05608,77,pm25,77,39,8.4,0.8,3.4,4,23.8,56.3,1030,,,
2025-08-07T08:00:00-04:00,Georgia,33.68797,-84.29048,18,pm25,18,10,2.5,0.2,2.5,13.6,23.3,53.7,1024.9,0.1,3.6,
2025-08-07T07:00:00-07:00,Phoenix,33.403055555556,-112.07527777778,42,pm10,35,42,4.7,,3.4,3.2,36,16,1012.1,2,9.2,7
2025-08-07T20:00:00+05:30,Hyderabad (India),17.417094,78.457437,164,pm25,164,85,7.4,10.5,6.9,6.9,22,99.36500000000001,1011,0.6475,10.2,21
2025-08-07T07:00:00-06:00,Denver,39.732146,-105.015317,34,pm25,34,26,14.2,0.6,5.9,9.8,23.3333,33,1022.5,3,6,
2025-08-07T23:00:00+09:00,Daegu,35.8714354,128.601445,46,pm25,46,17,13.2,2.8,4.9,19.5,7.1,71,1016,3.9,,
2025-08-07T23:00:00+09:00,Gyeonggi,37.4112,127.2579,34,pm25,34,22,11.7,3,5.4,28.9,25,83,1004.3,0.5,,22
2025-08-07T22:00:00+09:00,Nagoya,35.1814464,136.906398,53,pm25,53,17,6.5,1.5,2.3,40,30.2,63,1002,3.6,,
2025-08-07T23:00:00+09:00,Fukuoka,33.5903547,130.4017155,68,pm25,68,53,5.6,1.5,5.6,47.2,29.5,78.2,1004.5,3,,
2025-08-07T22:00:00+09:00,Kawasaki,35.5309058,139.7030511,65,pm25,65,33,27.8,2.9,2.3,20.8,31,79,998,3.3,,
2025-08-07T22:00:00+08:00,Shenzhen,22.543099,114.057868,61,pm25,61,42,17.9,4.1,8.2,21.2,29.4,94,1009.6,2.5,,
2025-08-07T22:00:00+08:00,Zhongshan (Taiwan),25.062361,121.526528,63,pm25,63,28,22.1,3.9,4.8,11.8,29,79,1009.5,2,11.8,25
2025-08-07T22:00:00+08:00,Chongqing,29.56301,106.551557,97,pm25,97,57,22,1.6,4.6,38.2,28,83,1004,3.6,,
2025-08-07T17:00:00+03:00,Istanbul (Turkey),41.015278,29.025,52,pm25,52,26,9.9,1.1,14.8,41.4,26.4,90.9,1007.3,9.2,,24.8
2025-08-07T22:00:00+07:00,Hanoi,21.0491,105.8831,103,pm25,103,60,21,11,6,10,29.5,81,1007,2.8,12,26
2025-08-07T22:00:00+07:00,Bangkok,13.7563309,100.5017651,35,pm25,35,17,0.6,0.6,0.1,4.8,29.5,86.2,1009.4,1.5,,
2025-08-07T21:00:00+05:30,Delhi,28.6341,77.2005,82,pm25,82,78,5.3,4.2,3.2,20.7,27.225,72.15,986.7249999999999,0.42500000000000004,8.2,25
2025-08-08T00:00:00+09:00,Seoul,37.566535,126.9779692,30,o3,30,23,15.1,4.5,5.6,30.1,26.2,75.8,993.3,1.5,,
2025-08-07T23:00:00+08:00,Beijing,39.954592,116.468117,74,pm25,74,34,11.5,2.6,7.3,48,28,78,1006,0.5,,
2025-08-07T23:00:00+08:00,Shanghai,31.2047372,121.4489017,61,pm25,61,27,17,2.1,7.3,37.4,32,59,1005,1.5,,
2025-08-07T23:00:00+09:00,Shinjuku (Tokyo),35.713889,139.705556,53,pm25,53,25,8.4,1.5,3.4,21.6,29.1,75.8,996.2,1.5,,24.4
2025-08-08T00:00:00+09:00,Osaka,34.6937378,135.5021651,42,pm25,42,17,15.8,5.8,0.1,38.4,26,88,1003,1.5,,
2025-08-07T17:00:00+02:00,Frankfurt,50.075464,8.576305,48,o3,25,12,,0.7,0.1,48,26.5,41.5,1017,2.5,10.2,12.5
2025-08-07T17:00:00+02:00,Hamburg,53.564486,9.96834,37,o3,42,17,4.6,1.6,0.1,37,23.5,51.5,1015,4.8,10.8,13
2025-08-07T17:00:00+03:00,Moscow,55.791842,37.578405,38,pm25,38,13,19.2,1.4,10.9,7.6,23.3,43.4,1017.6,5.6,9.2,
2025-08-07T23:00:00+08:00,Wuhan,30.593099,114.305393,50,pm25,50,21,8.3,2.6,2.8,,30,89,1005,0.5,,
2025-08-07T17:00:00+02:00,Warsaw (Poland),52.225171,21.014783,27,pm25,27,13,26.2,2,0.1,12,23,38,1021,2.5,,8
2025-08-08T01:00:00+09:30,Winnellie (Australia),-12.424323299931126,130.89335024356842,63,pm25,63,19,1.6,0.9,5.2,9.2,22.6,93.4,1010.9,3.99,,21.1
2025-08-07T21:00:00+05:30,Chennai (India),13.1278,80.2642,159,pm25,159,75,2.3,1.5,1.8,,30.2175,67.655,82843.20000000001,2.585,9.2,26
2025-08-07T10:00:00-04:00,Boston,42.325184,-71.05608,60,pm25,60,37,6.5,0.9,2.3,6.4,25.8,35.5,1029.9,,,
2025-08-07T09:00:00-04:00,Georgia,33.68797,-84.29048,17,o3,15,9,1.7,0.2,2.3,16.8,24.1,53.8,1024.9,0.1,3.8,
2025-08-07T08:00:00-07:00,Phoenix,33.403055555556,-112.07527777778,66,pm10,56,66,4.7,,3.4,8,37,14,1012.5,3,9.2,6
2025-08-07T08:00:00-06:00,Denver,39.732146,-105.015317,25,pm25,25,20,10.1,0.6,3.3,9.4,26.6667,26,1022.2,3,8,
2025-08-08T00:00:00+09:00,Daegu,35.8714354,128.601445,50,pm25,50,17,10,3.6,5.4,26.7,7.1,71,1016,3.9,,
2025-08-08T00:00:00+09:00,Gyeonggi,37.4112,127.2579,38,pm25,38,22,10,2.9,5.4,27.6,25,83,1004.3,0.5,,22
2025-08-07T23:00:00+09:00,Nagoya,35.1814464,136.906398,53,pm25,53,19,5.6,1.5,4.5,39.2,30.4,66,1002,2.9,,
2025-08-08T00:00:00+09:00,Fukuoka,33.5903547,130.4017155,63,pm25,63,53,6.5,1.5,5.6,46.5,28,88,1004,1.5,,
2025-08-07T23:00:00+09:00,Kawasaki,35.5309058,139.7030511,70,pm25,70,29,33.4,2.9,3.4,43.2,31,83,998,1.6,,
2025-08-07T23:00:00+08:00,Shenzhen,22.543099,114.057868,65,pm25,65,52,17.9,4.1,8.2,17.5,29.4,94,1009.5,1.5,,
2025-08-07T23:00:00+08:00,Zhongshan (Taiwan),25.062361,121.526528,59,pm25,59,24,20.2,2.5,4.6,9.6,29,79,1009.5,2,11.8,25
2025-08-07T23:00:00+08:00,Chongqing,29.56301,106.551557,87,pm25,87,29,15.6,1.6,4.6,39.4,28,83,1004,3.6,,
2025-08-07T18:00:00+03:00,Istanbul (Turkey),41.015278,29.025,53,pm25,53,28,9.5,1.1,14.9,43.8,26.4,90.9,1007.3,9.2,,24.8
2025-08-07T23:00:00+07:00,Hanoi,21.0491,105.8831,96,pm25,96,57,16,10,3,11,29,83,1007,3,12.3,26
2025-08-07T23:00:00+07:00,Bangkok,13.7563309,100.5017651,56,pm25,56,17,0.6,0.6,0.1,4.8,29.5,86.2,1009.4,1.5,,
2025-08-07T22:00:00+05:30,Delhi,28.6341,77.2005,83,pm10,82,83,8.4,4.9,4.3,1.8,25.474999999999998,78.55000000000001,986.6750000000001,0.325,8.2,25
2025-08-07T22:00:00+05:30,Mumbai,19.0863,72.8888,96,pm25,96,57,1.4,14.9,0.8,11.7,28,99.92,1006.11,29.77333333333333,11.3,25
2025-08-08T01:00:00+09:00,Seoul,37.566535,126.9779692,34,pm25,34,22,13.2,4.2,5.3,27.8,26.2,75.8,993.3,1.5,,
2025-08-08T00:00:00+08:00,Beijing,39.954592,116.468117,87,pm25,87,40,13.8,2.6,8.2,41.1,28,78,1006,0.5,,
2025-08-08T00:00:00+08:00,Shanghai,31.2047372,121.4489017,59,pm25,59,26,16,1.6,7.3,32.9,32,62,1005,2.5,,
2025-08-08T00:00:00+09:00,Shinjuku (Tokyo),35.713889,139.705556,53,pm25,53,19,7.5,1.5,3.4,21.6,28.7,78.1,996.2,1.5,,24.5
2025-08-08T01:00:00+09:00,Osaka,34.6937378,135.5021651,38,pm25,38,18,23.2,5.8,0.1,33.6,25,94,1002,1,,
2025-08-07T16:00:00+02:00,Paris,48.856614,2.3522219,45,o3,36,26,15.4,0.6,0.1,44.7,30,26.6,1017,3.6,,
2025-08-07T16:00:00+01:00,London,51.5073509,-0.1277583,42,pm25,42,20,19.2,1.3,2,19.4,22.2,60.1,1015.3,8.6,,
2025-08-07T18:00:00+02:00,Frankfurt,50.075464,8.576305,47,o3,24,12,,0.5,0.1,47.3,26.5,43,1017,3.6,10.2,13
2025-08-07T18:00:00+02:00,Hamburg,53.564486,9.96834,37,o3,42,17,5.5,1.6,0.1,37.4,23.5,48,1015,5.1,10.8,12
2025-08-08T00:00:00+08:00,Wuhan,30.593099,114.305393,50,pm25,50,19,12.8,2.6,3.7,,30,89,1005,0.5,,
2025-08-07T18:00:00+02:00,Warsaw (Poland),52.225171,21.014783,29,pm25,29,15,28.2,2,0.1,12,23,40,1021,3,,9
2025-08-07T22:00:00+05:30,Chennai (India),13.1278,80.2642,161,pm25,161,73,2.6,1.3,1.4,,30.146666666666665,67.27333333333333,82943.66666666667,2.8499999999999996,9.2,27
2025-08-07T11:00:00-04:00,Boston,42.325184,-71.05608,50,pm25,50,21,3.8,0.8,2.3,18.4,26.1,31.5,1029.5,,,
2025-08-07T10:00:00-04:00,Georgia,33.68797,-84.29048,18,o3,14,8,1.6,0.2,2.3,17.6,24.4,53.8,1024.5,0.2,3.6,
2025-08-07T09:00:00-07:00,Phoenix,33.403055555556,-112.07527777778,65,pm10,55,65,4.7,,2.3,20.8,39,12,1012.5,3.6,9.2,5
2025-08-07T22:00:00+05:30,Hyderabad (India),17.417094,78.457437,162,pm25,162,83,15.3,15.9,14.3,6.9,22,99.41499999999999,1011.5,0.6375,10.2,21
2025-08-07T09:00:00-06:00,Denver,39.732146,-105.015317,21,pm25,21,20,9.2,0.6,3,13.5,30.5556,22,1021.9,6,11.6,
2025-08-08T00:00:00+09:00,Nagoya,35.1814464,136.906398,50,pm25,50,19,5.6,1.5,3.4,42.4,29.4,63,1001.6,4.2,,
2025-08-08T01:00:00+09:00,Fukuoka,33.5903547,130.4017155,61,pm25,61,53,6.5,1.5,5.6,42.4,27,94,1003,2.5,,
2025-08-08T01:00:00+09:00,Kawasaki,35.5309058,139.7030511,46,o3,1,22,26,1.5,4.5,45.6,29,79,998,2,,
2025-08-08T00:00:00+08:00,Shenzhen,22.543099,114.057868,80,pm25,80,60,19.7,4.1,9.1,17.9,29.4,94,1009,2.5,,
2025-08-08T00:00:00+08:00,Zhongshan (Taiwan),25.062361,121.526528,57,pm25,57,28,13.9,1.3,3.6,10.1,29,79,1009,1.5,11.8,25
2025-08-08T00:00:00+08:00,Chongqing,29.56301,106.551557,78,pm25,78,30,12.8,1.6,4.6,39.4,29,83,1004,1.5,,
2025-08-07T19:00:00+03:00,Istanbul (Turkey),41.015278,29.025,54,pm25,54,27,9.5,1.1,14.8,47.3,25.9,92.6,1007.5,8.2,,24.6
2025-08-08T00:00:00+07:00,Hanoi,21.0491,105.8831,89,pm25,89,54,11,9,4,18,29,85.5,1007,3,,26.5
2025-08-07T23:00:00+05:30,Delhi,28.6341,77.2005,109,pm25,109,84,7,4.2,4.8,15.1,24.8,80.675,986.675,0.4,8.2,24
2025-08-07T23:00:00+05:30,Mumbai,19.0863,72.8888,98,pm25,98,58,1.5,14.9,1.1,11.7,28,99.92,1006.56,28.80333333333333,11.3,25
2025-08-08T02:00:00+09:00,Seoul,37.566535,126.9779692,30,pm25,30,24,12.6,4.5,5.3,27.8,25.6,79.5,992.9,2,,
2025-08-08T01:00:00+08:00,Beijing,39.954592,116.468117,93,pm25,93,42,11,3.1,8.2,48.4,27,83,1006,1.5,,
2025-08-08T01:00:00+09:00,Shinjuku (Tokyo),35.713889,139.705556,53,pm25,53,19,7.5,1.5,2.3,48.1,29.4,76,999.9,0.2,0.2,
2025-08-08T02:00:00+09:00,Osaka,34.6937378,135.5021651,38,pm25,38,26,14.9,7.2,0.1,33.6,24,94,1002,1,,
2025-08-07T17:00:00+02:00,Paris,48.856614,2.3522219,46,o3,21,19,17,0.6,0.1,45.5,30.1,27.6,1017,3.6,,
2025-08-07T19:00:00+02:00,Frankfurt,50.075464,8.576305,44,o3,25,13,,0.5,0.1,44,26,40,1016.5,4.1,10.2,11.5
2025-08-07T19:00:00+02:00,Hamburg,53.564486,9.96834,38,o3,38,17,5.5,1.6,0.1,38.2,23,53,1015,4.1,10.8,13
2025-08-07T19:00:00+03:00,Moscow,55.791842,37.578405,46,pm25,46,13,23.8,0.3,11.2,13,21.9,49.6,1018.3,6.1,9.5,
2025-08-08T01:00:00+08:00,Wuhan,30.593099,114.305393,57,pm25,57,22,10.6,2.6,5.5,,30,84,1004,0.5,,
2025-08-07T19:00:00+02:00,Warsaw (Poland),52.225171,21.014783,30,pm25,30,15,32.7,2,0.1,12,22,43,1021,2.5,,9
2025-08-07T23:00:00+05:30,Chennai (India),13.1278,80.2642,133,pm25,133,59,2.7,0.9,2,,30.095000000000002,64.4575,82957.525,2.7225,9.2,27
2025-08-07T12:00:00-04:00,Boston,42.325184,-71.05608,40,pm25,40,13,2.8,0.3,1.2,25.6,25.2,35,1029,,,
2025-08-07T11:00:00-04:00,Georgia,33.68797,-84.29048,20,o3,15,9,1.7,0.2,2.3,20,25.1,54,1023.3,0.1,3.2,
2025-08-07T10:00:00-07:00,Phoenix,33.403055555556,-112.07527777778,40,pm10,33,40,4.7,,2.3,29.6,41,12,1012.8,1.5,9.2,6
2025-08-07T23:00:00+05:30,Hyderabad (India),17.417094,78.457437,124,pm25,124,74,10.5,14.1,6.1,6.9,22,99.42,1012,0.57,10.2,21
2025-08-07T10:00:00-06:00,Denver,39.732146,-105.015317,22,pm10,21,22,8.3,0.6,2.5,13.5,32.7778,18.5,1021.4,9,11,
2025-08-08T02:00:00+09:00,Daegu,35.8714354,128.601445,38,pm25,38,19,10,4.2,6,26.2,7.1,71,1016,3.9,,
2025-08-08T02:00:00+09:00,Gyeonggi,37.4112,127.2579,55,pm25,55,25,11.6,2.9,5.4,21.3,24,88,1004,1,,22
2025-08-08T01:00:00+09:00,Nagoya,35.1814464,136.906398,55,pm25,55,16,5.6,1.5,3.4,42.4,28.8,64,1001.5,4.4,,
2025-08-08T02:00:00+09:00,Fukuoka,33.5903547,130.4017155,59,pm25,59,50,3.8,1.5,4.5,40,27,88,1003,2,,
2025-08-08T02:00:00+09:00,Kawasaki,35.5309058,139.7030511,42,o3,1,34,37.1,1.5,3.4,41.6,28,83,998,1,,
2025-08-08T01:00:00+08:00,Shenzhen,22.543099,114.057868,78,pm25,78,58,20.2,4.1,9.1,12.2,29.4,93.7,1008.5,2.5,,
2025-08-08T01:00:00+08:00,Zhongshan (Taiwan),25.062361,121.526528,70,pm25,70,21,13.3,1.5,3.3,10.6,29,79,1009,1.5,11.8,25
2025-08-08T01:00:00+08:00,Chongqing,29.56301,106.551557,80,pm25,80,37,28.8,1.6,4.6,23.6,29,83,1003,0.5,,
2025-08-08T01:00:00+07:00,Hanoi,21.0491,105.8831,75,pm25,75,51,10,9,2,18,28.5,91,1007,2.8,,27
2025-08-08T01:00:00+07:00,Bangkok,13.7563309,100.5017651,48,pm25,48,21,0.6,0.6,0.1,4.8,29.3,91.4,1008.4,1,,
2025-08-08T00:00:00+05:30,Delhi,28.6341,77.2005,93,pm25,93,75,6.3,4,4.6,12,23.75,83.875,986.625,0.3,8.2,24
2025-08-08T03:00:00+09:00,Seoul,37.566535,126.9779692,42,pm25,42,27,10.9,4.3,5,24.2,25.2,79.5,993,2,,
2025-08-08T02:00:00+08:00,Beijing,39.954592,116.468117,70,pm25,70,29,11,2.1,7.3,39.4,27,83,1006,1.5,,
2025-08-08T02:00:00+08:00,Shanghai,31.2047372,121.4489017,19,pm10,59,19,12.4,2.1,7.3,12.6,32,68,1005,2.5,,
2025-08-08T03:00:00+09:00,Osaka,34.6937378,135.5021651,42,pm25,42,21,13.9,7.2,0.1,30.4,24,94,1002,1.4,,
2025-08-07T18:00:00+02:00,Paris,48.856614,2.3522219,46,o3,25,21,11.9,0.6,0.1,45.6,28,26,1017,3.6,,
2025-08-07T18:00:00+01:00,London,51.5073509,-0.1277583,46,pm25,46,21,19.7,1,2.6,20.6,21.3,63.2,1015.1,8.6,,
2025-08-07T20:00:00+02:00,Frankfurt,50.075464,8.576305,42,o3,22,12,,0.5,0.1,42.4,25,41,1017,3,10.2,11
2025-08-07T20:00:00+02:00,Hamburg,53.564486,9.96834,38,pm25,38,17,6.9,1.6,0.1,36.2,22.5,56.5,1014.5,1.8,10.8,13.5
2025-08-07T21:00:00+03:00,Moscow,55.791842,37.578405,59,pm25,59,13,29.3,0.3,16.9,6,20.2,55.2,1019,4.7,6.7,
2025-08-07T20:00:00+02:00,Warsaw (Poland),52.225171,21.014783,29,pm25,29,15,33.7,2,0.1,12,19,52,1020,1,,9
2025-08-08T02:00:00+09:30,Winnellie (Australia),-12.424323299931126,130.89335024356842,70,pm25,70,21,1.7,1,5.7,9.2,21.3,96.4,1010.3,2.57,,20.6
2025-08-08T00:00:00+05:30,Chennai (India),13.1278,80.2642,88,pm25,88,43,1.9,0.9,2.4,,30.0275,64.7775,82928.95,2.6375,9.2,27
2025-08-07T13:00:00-04:00,Boston,42.325184,-71.05608,38,pm25,38,11,2.8,0.5,1.2,26.4,25.1,34.6,1028.2,,,
2025-08-07T12:00:00-04:00,Georgia,33.68797,-84.29048,22,o3,17,10,1.9,0.2,2.3,21.6,27,50.5,1022.4,0.1,3.6,
2025-08-07T11:00:00-07:00,Phoenix,33.403055555556,-112.07527777778,40,o3,35,31,4.7,,1.2,40,42,11,1012.5,1.5,9.2,6
2025-08-08T00:00:00+05:30,Hyderabad (India),17.417094,78.457437,157,pm25,157,74,11.1,14.5,6.9,6.9,22,99.4325,1012.5,0.5975,10.2,22
2025-08-07T11:00:00-06:00,Denver,39.732146,-105.015317,18,o3,17,15,4.6,0.6,1.9,17.9,33.8889,16,1020.1,8,8,
2025-08-08T03:00:00+09:00,Daegu,35.8714354,128.601445,46,pm25,46,20,14.5,3.6,5.8,11.7,7.1,71,1016,3.9,,
2025-08-08T03:00:00+09:00,Gyeonggi,37.4112,127.2579,50,pm25,50,26,8.2,2.8,5.3,21.5,24,88,1004,1.5,,22
2025-08-08T02:00:00+09:00,Nagoya,35.1814464,136.906398,50,pm25,50,13,7.5,1.5,3.4,41.6,28.3,66.3,1001.4,3.9,,
2025-08-08T03:00:00+09:00,Fukuoka,33.5903547,130.4017155,61,pm25,61,50,5.6,1.5,4.5,40,27,88,1003,2.5,,
2025-08-08T02:00:00+08:00,Shenzhen,22.543099,114.057868,80,pm25,80,55,16.5,4.1,9.1,8.6,28.9,93.3,1008.2,1.5,,
2025-08-08T02:00:00+08:00,Zhongshan (Taiwan),25.062361,121.526528,53,pm25,53,20,6.7,0.8,2.5,11.7,28,83,1008,1,11.8,25
2025-08-08T02:00:00+08:00,Chongqing,29.56301,106.551557,76,pm25,76,33,18.3,1.1,4.6,26,29,83,1003,0.5,,
2025-08-07T21:00:00+03:00,Istanbul (Turkey),41.015278,29.025,57,pm25,57,30,8.5,1,15,44.9,25.3,91.4,1008.5,6.6,,23.8
2025-08-08T02:00:00+07:00,Hanoi,21.0491,105.8831,63,pm25,63,45,10,9,2,20,28,94,1006,1.5,,27
2025-08-08T00:00:00+05:30,Mumbai,19.0863,72.8888,101,pm25,101,60,1.7,14.9,1.5,11.6,28,99.92,1005.905,29.345,11.3,25
2025-08-08T04:00:00+09:00,Seoul,37.566535,126.9779692,34,pm25,34,25,11.4,4.2,4.8,22.4,25.2,79.5,993,2,,
2025-08-08T03:00:00+08:00,Beijing,39.954592,116.468117,59,pm25,59,23,11.9,2.1,6.4,32.9,27,83,1005,1.5,,
2025-08-08T03:00:00+08:00,Shanghai,31.2047372,121.4489017,53,pm25,53,22,15.6,5.6,4.6,12.6,30,74,1004,1.5,,
2025-08-08T03:00:00+09:00,Shinjuku (Tokyo),35.713889,139.705556,59,pm25,59,20,10.2,1.5,3.4,48.1,28.8,78,1000.7,0.2,0.2,
2025-08-07T19:00:00+02:00,Paris,48.856614,2.3522219,46,o3,26,21,20,0.6,0.1,45.6,26,29,1016,2.5,,
2025-08-07T21:00:00+02:00,Frankfurt,50.075464,8.576305,29,o3,26,18,,0.5,0.1,29.3,23,48.5,1017,2.8,10.2,11.5
2025-08-07T21:00:00+02:00,Hamburg,53.564486,9.96834,38,pm25,38,17,8.3,1.6,0.1,32.9,21,68,1014,1.5,10.8,15
2025-08-08T03:00:00+08:00,Wuhan,30.593099,114.305393,53,pm25,53,16,9.6,2.1,3.7,,29,94,1003,1.5,,
2025-08-07T21:00:00+02:00,Warsaw (Poland),52.225171,21.014783,36,pm25,36,20,43.8,2,0.1,12,16,67,1021,1,,10
2025-08-08T04:00:00+09:30,Winnellie (Australia),-12.424323299931126,130.89335024356842,71,pm25,71,22,1.8,0.9,5.9,6.2,21,97,1010.3,1,,20.3
2025-08-07T13:00:00-04:00,Georgia,33.68797,-84.29048,25,o3,16,10,1.1,0.2,2.2,24.8,27.5,49.7,1021.8,1,4.5,
2025-08-07T12:00:00-07:00,Phoenix,33.403055555556,-112.07527777778,52,o3,22,27,4.7,,1.2,52,44,9,1011.8,2.5,9.2,5
2025-08-07T12:00:00-06:00,Denver,39.732146,-105.015317,18,o3,17,14,8.7,0.6,2.9,18.3,35.5556,13.5,1019.4,5,13,
2025-08-08T03:00:00+09:00,Nagoya,35.1814464,136.906398,41,o3,38,11,7.5,1.5,3.4,40.8,28.3,69,1001.4,4,,
2025-08-08T04:00:00+09:00,Fukuoka,33.5903547,130.4017155,61,pm25,61,51,6.5,1.5,4.5,40,27,88,1003,2.5,,
2025-08-08T03:00:00+09:00,Kawasaki,35.5309058,139.7030511,57,pm25,57,19,26.9,1.5,3.4,39.2,28,83,999,1.5,,
2025-08-08T03:00:00+08:00,Shenzhen,22.543099,114.057868,78,pm25,78,52,19.2,4.6,6.4,8.6,28.3,94.2,1008.3,1.5,,
2025-08-08T03:00:00+08:00,Zhongshan (Taiwan),25.062361,121.526528,57,pm25,57,20,5.5,0.6,2.6,9.6,28,83,1008,1,11.8,25
2025-08-08T03:00:00+08:00,Chongqing,29.56301,106.551557,74,pm25,74,35,12.4,1.6,3.7,28.5,28,94,1003,0.5,,
2025-08-08T03:00:00+07:00,Hanoi,21.0491,105.8831,58,pm25,58,43,8,9,3,21,27.5,97,1006,1.5,,27
2025-08-08T02:00:00+07:00,Bangkok,13.7563309,100.5017651,48,pm25,48,20,0.6,0.6,0.1,4.8,29.4,91.4,1009,1,,
2025-08-08T02:00:00+05:30,Delhi,28.6341,77.2005,95,pm25,95,63,5.7,2.2,5,18.8,22.950000000000003,87.97500000000001,986.6,0.275,8.2,24
2025-08-08T01:00:00+05:30,Mumbai,19.0863,72.8888,99,pm25,99,59,1.7,14.9,1.3,11.6,28,99.92,1005.41,29.336666666666662,11.3,25
2025-08-08T05:00:00+09:00,Seoul,37.566535,126.9779692,42,pm25,42,25,10.4,4.6,5.2,20.1,24.2,83.9,993,1,,
2025-08-08T04:00:00+08:00,Beijing,39.954592,116.468117,70,pm25,70,30,10.6,2.1,6.4,33.8,27,83,1005,1.5,,
2025-08-08T04:00:00+08:00,Shanghai,31.2047372,121.4489017,53,pm25,53,24,15.6,4.1,4.6,9.8,31,70,1004,1.5,,
2025-08-08T04:00:00+09:00,Shinjuku (Tokyo),35.713889,139.705556,42,pm25,42,14,10.2,1.5,3.4,48.1,28.6,76.2,1000.8,0.2,0.2,
2025-08-08T05:00:00+09:00,Osaka,34.6937378,135.5021651,46,pm25,46,28,28.8,5.8,0.1,25.6,24,88,1003,2.5,,
2025-08-07T20:00:00+02:00,Paris,48.856614,2.3522219,45,o3,37,20,20,0.6,0.1,45,25,51.3,1017,1.5,,
2025-08-07T20:00:00+01:00,London,51.5073509,-0.1277583,50,pm25,50,21,15.6,0.6,1.9,20.4,20,75.6,1015.6,8.2,,
2025-08-07T23:00:00+03:00,Moscow,55.791842,37.578405,63,pm25,63,11,28.8,0.3,12.4,3.3,18.8,61,1019.3,6,9,
2025-08-08T04:00:00+08:00,Wuhan,30.593099,114.305393,53,pm25,53,17,12.8,2.1,3.7,,29,94,1003,1.5,,
2025-08-07T22:00:00+02:00,Warsaw (Poland),52.225171,21.014783,43,pm25,43,26,45.3,2,0.1,12,16,67,1021,1,,10
2025-08-08T01:00:00+05:30,Chennai (India),13.1278,80.2642,88,pm25,88,40,2.2,1.3,3.5,,29.813333333333333,63.946666666666665,82870.76666666668,2.473333333333333,9.2,27
2025-08-07T15:00:00-04:00,Boston,42.325184,-71.05608,36,pm25,36,22,3.8,0.5,1.2,24.8,25.3,44.6,1027.1,,,
2025-08-07T14:00:00-04:00,Georgia,33.68797,-84.29048,26,o3,18,8,1.5,0.2,2.3,25.6,29,46.5,1021.5,0.6,2.8,
2025-08-07T13:00:00-07:00,Phoenix,33.403055555556,-112.07527777778,62,o3,40,48,4.7,,1.2,62.2,46,8,1011.1,2,9.2,5
2025-08-08T01:00:00+05:30,Hyderabad (India),17.417094,78.457437,111,pm25,111,71,10.4,14.3,5.4,6.9,22,99.45,1012.5,0.65,10.2,22
2025-08-07T13:00:00-06:00,Denver,39.732146,-105.015317,18,o3,17,17,10.1,0.6,3.4,17.5,36.1111,12,1018.5,7,9.5,
2025-08-08T05:00:00+09:00,Daegu,35.8714354,128.601445,46,pm25,46,19,15.7,3.5,5.7,9.3,7.1,71,1016,3.9,,
2025-08-08T05:00:00+09:00,Gyeonggi,37.4112,127.2579,46,pm25,46,25,8.4,3,5.4,18.1,23,94,1004,1.5,,22
2025-08-08T04:00:00+09:00,Nagoya,35.1814464,136.906398,38,pm25,38,10,5.6,1.5,3.4,37.6,27.7,71,1001.7,2.2,,
2025-08-08T05:00:00+09:00,Fukuoka,33.5903547,130.4017155,59,pm25,59,35,7.5,1.5,3.4,32.8,26,94,1003,2.5,,
2025-08-08T04:00:00+09:00,Kawasaki,35.5309058,139.7030511,55,pm25,55,22,26,1.5,4.5,37.6,29,83,999,1.8,,
2025-08-08T04:00:00+08:00,Shenzhen,22.543099,114.057868,80,pm25,80,53,17,4.1,6.4,7,28.3,95,1008.5,0.8,,
2025-08-08T04:00:00+08:00,Zhongshan (Taiwan),25.062361,121.526528,63,pm25,63,27,6.2,0.8,2.7,7.2,28,83,1008,1,11.8,25
2025-08-08T04:00:00+08:00,Chongqing,29.56301,106.551557,57,pm25,57,21,6,2.1,3.7,27.7,28,100,1002,0.5,,
2025-08-07T23:00:00+03:00,Istanbul (Turkey),41.015278,29.025,59,pm25,59,31,4.2,1.1,15.3,42.9,24.9,90.8,1008.8,6.1,,23.3
2025-08-08T04:00:00+07:00,Hanoi,21.0491,105.8831,60,pm25,60,46,9,9,4,20,27,94,1005,2,,26
2025-08-08T04:00:00+07:00,Bangkok,13.7563309,100.5017651,40,pm25,40,18,0.6,0.6,0.1,4.8,27,92.1,1007.7,1,,
2025-08-08T02:00:00+05:30,Mumbai,19.0863,72.8888,104,pm25,104,61,1.7,14.9,1.3,11.6,28,99.92,1004.84,30.125,11.3,25
2025-08-08T06:00:00+09:00,Seoul,37.566535,126.9779692,42,pm25,42,26,12.6,4.5,5.3,13.2,24.2,83.9,993,1,,
2025-08-08T05:00:00+08:00,Beijing,39.954592,116.468117,82,pm25,82,39,10.1,5.1,7.3,30.5,27,83,1005,1.5,,
2025-08-08T05:00:00+08:00,Shanghai,31.2047372,121.4489017,53,pm25,53,25,15.6,4.1,4.6,9.4,31,70,1005,1.5,,
2025-08-08T05:00:00+09:00,Shinjuku (Tokyo),35.713889,139.705556,38,pm25,38,6,9.3,1.5,2.3,48.1,28.3,69,1001.3,0.2,1,
2025-08-08T06:00:00+09:00,Osaka,34.6937378,135.5021651,46,pm25,46,19,26.9,5.8,0.1,21.6,24,94,1003,1,,
2025-08-07T23:00:00+02:00,Frankfurt,50.075464,8.576305,30,pm25,30,18,,0.5,0.1,10.4,17,67,1017,2,10.2,11
2025-08-07T23:00:00+02:00,Hamburg,53.564486,9.96834,42,pm25,42,17,16.5,3.6,0.1,27.3,20,64,1015,3,10.8,13
2025-08-08T00:00:00+03:00,Moscow,55.791842,37.578405,59,pm25,59,13,27.5,0.1,9.1,5.5,17.7,61.5,1019.7,4.5,7.5,
2025-08-08T05:00:00+08:00,Wuhan,30.593099,114.305393,50,pm25,50,16,11,2.1,9.1,,30,89,1003,2.5,,
2025-08-08T07:00:00+09:30,Winnellie (Australia),-12.424323299931126,130.89335024356842,61,pm25,61,18,2.8,0.9,5.6,7.2,21.1,96,1010.5,3.99,,20.3
2025-08-08T02:00:00+05:30,Chennai (India),13.1278,80.2642,87,pm25,87,45,2.7,1.8,3.8,,29.77,65.88666666666667,82873.3,2.16,10.2,23
2025-08-07T15:00:00-04:00,Georgia,33.68797,-84.29048,27,o3,20,10,1,0.2,2.3,27.2,28.5,47.6,1021.9,0.6,2.4,
2025-08-07T14:00:00-07:00,Phoenix,33.403055555556,-112.07527777778,49,o3,43,38,4.7,,1.2,48.8,47,7,1010.1,5.1,9.2,4
2025-08-08T02:00:00+05:30,Hyderabad (India),17.417094,78.457437,166,pm25,166,76,9.4,14.5,5.4,6.9,22,99.45,1012.5,0.47333333333333333,10.2,22
2025-08-07T14:00:00-06:00,Denver,39.732146,-105.015317,18,o3,17,11,6.4,0.6,2.4,18.3,35.5556,14.3,1017.7,3,5.3,
2025-08-08T06:00:00+09:00,Daegu,35.8714354,128.601445,38,pm25,38,26,20.3,3.8,5.6,5.5,7.1,71,1016,3.9,,
2025-08-08T06:00:00+09:00,Gyeonggi,37.4112,127.2579,42,pm25,42,25,13,3,5.4,8.5,23,94,1004,1.5,,22
2025-08-08T05:00:00+09:00,Nagoya,35.1814464,136.906398,42,pm25,42,13,8.4,1.5,4.5,34.4,27.7,79,1002.1,2.5,,
2025-08-08T06:00:00+09:00,Fukuoka,33.5903547,130.4017155,59,pm25,59,40,8.4,1.5,4.5,29.6,26,94,1004,2,,
2025-08-08T05:00:00+09:00,Kawasaki,35.5309058,139.7030511,53,pm25,53,20,34.3,1.5,4.5,31.2,29,75,999,2.3,,
2025-08-08T05:00:00+08:00,Shenzhen,22.543099,114.057868,87,pm25,87,58,15.6,4.1,6.4,9.4,28.3,95.5,1009,0.6,,
2025-08-08T05:00:00+08:00,Zhongshan (Taiwan),25.062361,121.526528,57,pm25,57,23,5.7,0.6,2.4,7.6,27,88,1008,0.5,11.8,25
2025-08-08T05:00:00+08:00,Chongqing,29.56301,106.551557,59,pm25,59,22,7.8,1.1,3.7,20.4,28,100,1002,0.5,,
2025-08-08T00:00:00+03:00,Istanbul (Turkey),41.015278,29.025,60,pm25,60,31,3.9,1.2,15.4,40.5,24.9,89.8,1008.8,7.2,,23.1
2025-08-08T05:00:00+07:00,Hanoi,21.0491,105.8831,64,pm25,64,50,8,10,5,25,27,97,1005,1.2,,26.5
2025-08-08T05:00:00+07:00,Bangkok,13.7563309,100.5017651,53,pm25,53,17,0.6,0.6,0.1,4.8,27,94.8,1008.4,1,,
2025-08-08T04:00:00+05:30,Delhi,28.6341,77.2005,97,pm25,97,73,3.6,1.3,3.4,5.5,24.525,80.9,986.5749999999999,0.25,8.2,24
2025-08-08T04:00:00+05:30,Mumbai,19.0863,72.8888,98,pm25,98,58,1.6,14.8,1.3,11.6,28,99.92,1004.1333333333333,44.29333333333333,11.3,25
2025-08-08T07:00:00+09:00,Seoul,37.566535,126.9779692,46,pm25,46,30,17,4.5,5.6,9.7,24.2,84.9,993.8,1,,
2025-08-08T06:00:00+08:00,Beijing,39.954592,116.468117,89,pm25,89,42,11.9,4.6,8.2,25.2,26,88,1005,1.5,,
2025-08-08T06:00:00+08:00,Shanghai,31.2047372,121.4489017,53,pm25,53,23,17,4.1,4.6,9.4,31,74,1005,1.5,,
2025-08-08T06:00:00+09:00,Shinjuku (Tokyo),35.713889,139.705556,30,pm25,30,11,7.5,1.5,2.3,48.1,29.8,60.3,1002.2,0.2,0.6,
2025-08-08T07:00:00+09:00,Osaka,34.6937378,135.5021651,42,pm25,42,18,29.7,7.2,0.1,24.1,25,88,1004,2,,
2025-08-07T21:00:00+02:00,Paris,48.856614,2.3522219,44,o3,42,36,44.5,0.6,0.1,43.6,23,59.8,1017,2,,
2025-08-07T21:00:00+01:00,London,51.5073509,-0.1277583,50,pm25,50,22,11,0.6,1.9,19.9,19.4,78.8,1015.6,6.1,,
2025-08-08T00:00:00+02:00,Frankfurt,50.075464,8.576305,28,pm25,28,16,,0.5,0.1,9.2,16.5,69.5,1017,0.7,10.2,11
2025-08-08T00:00:00+02:00,Hamburg,53.564486,9.96834,38,pm25,38,17,16,7.1,0.1,26.9,19,63,1014.5,3.3,10.8,12
2025-08-08T06:00:00+08:00,Wuhan,30.593099,114.305393,38,pm25,38,20,5.5,2.6,1.9,,29,94,1003,1.5,,
2025-08-08T00:00:00+02:00,Warsaw (Poland),52.225171,21.014783,40,pm25,40,21,28.6,2,0.1,12,15,67,1020,2,,9
2025-08-08T04:00:00+05:30,Chennai (India),13.1278,80.2642,151,pm25,151,12,1.7,2,2.8,,29.7175,67.05,82842.375,1.19,10.2,23
2025-08-07T17:00:00-04:00,Boston,42.325184,-71.05608,40,pm25,40,18,2.8,0.5,2.3,24.1,25.3,48.3,1026.3,,,
2025-08-07T16:00:00-04:00,Georgia,33.68797,-84.29048,26,o3,19,9,1.1,0.2,2.3,25.6,29.6,44.2,1021.2,0.6,0.8,
2025-08-07T15:00:00-07:00,Phoenix,33.403055555556,-112.07527777778,49,o3,37,21,4.7,,1.2,48.8,47,7,1009.1,5.6,9.2,4
2025-08-08T04:00:00+05:30,Hyderabad (India),17.417094,78.457437,76,pm25,76,69,8,14.1,4.6,6.9,22,99.45,1012.5,0.6125,10.2,22
2025-08-07T15:00:00-06:00,Denver,39.732146,-105.015317,18,o3,17,13,4.2,0.6,1.7,17.5,35.5556,15,1017.1,4,13,
2025-08-08T06:00:00+09:00,Nagoya,35.1814464,136.906398,34,pm25,34,13,11.2,1.5,3.4,29.6,28.8,66,1003,2.6,,
2025-08-08T07:00:00+09:00,Fukuoka,33.5903547,130.4017155,61,pm25,61,30,9.3,1.5,3.4,27.2,26.5,91,1004,2.3,,
2025-08-08T06:00:00+09:00,Kawasaki,35.5309058,139.7030511,42,pm25,42,10,31.5,1.5,3.4,23.3,30,63.5,999.5,1.8,,
2025-08-08T06:00:00+08:00,Shenzhen,22.543099,114.057868,80,pm25,80,57,15.1,4.1,6.4,8.2,28.8,95,1009.5,0.7,,
2025-08-08T06:00:00+08:00,Zhongshan (Taiwan),25.062361,121.526528,59,pm25,59,22,5.2,0.8,2.6,6.8,27,88,1008,1.5,11.8,25
2025-08-08T06:00:00+08:00,Chongqing,29.56301,106.551557,55,pm25,55,27,6.4,1.6,3.7,22.8,28,88,1002,0.5,,
2025-08-08T01:00:00+03:00,Istanbul (Turkey),41.015278,29.025,62,pm25,62,32,4.3,2,15.4,36.4,24.9,89.8,1008.8,7.2,,23.1
2025-08-08T06:00:00+07:00,Hanoi,21.0491,105.8831,70,pm25,70,52,5,10,7,30,27,100,1006,1.5,,27
2025-08-08T06:00:00+07:00,Bangkok,13.7563309,100.5017651,70,pm25,70,19,0.6,0.6,0.1,4.8,25.9,95.9,1009,1.5,,
2025-08-08T05:00:00+05:30,Delhi,28.6341,77.2005,82,pm25,82,65,3.2,2.2,3.2,9.8,24.625,77.125,986.6,0.24999999999999997,8.2,24
2025-08-08T08:00:00+09:00,Seoul,37.566535,126.9779692,46,pm25,46,30,18.4,4.6,5.8,12.3,25.4,82.5,993.9,1.5,,
2025-08-08T07:00:00+08:00,Beijing,39.954592,116.468117,97,pm25,97,47,13.8,4.1,9.1,19.9,26,88,1005,1.5,,
2025-08-08T07:00:00+08:00,Shanghai,31.2047372,121.4489017,50,pm25,50,26,16.5,4.1,8.2,9.8,32,70,1005,1.5,,
2025-08-08T07:00:00+09:00,Shinjuku (Tokyo),35.713889,139.705556,30,pm25,30,11,7.5,1.5,2.3,48.1,30.5,57,1002.3,0.2,0.7,
2025-08-08T08:00:00+09:00,Osaka,34.6937378,135.5021651,50,pm25,50,20,29.7,7.2,0.1,25.6,27,88,1004,2,,
2025-08-08T01:00:00+02:00,Hamburg,53.564486,9.96834,38,pm25,38,17,16,7.1,0.1,26.9,18,67,1014,2.8,10.8,12
2025-08-08T07:00:00+08:00,Wuhan,30.593099,114.305393,34,pm25,34,16,7.8,2.6,1.9,,29,88,1004,2.5,,
2025-08-08T01:00:00+02:00,Warsaw (Poland),52.225171,21.014783,39,pm25,39,20,24.6,2,0.1,12,14,76,1020,2.5,,10
2025-08-08T08:00:00+09:30,Winnellie (Australia),-12.424323299931126,130.89335024356842,70,pm25,70,23,2.7,1,5.7,8.7,21.1,82.8,1011,2.99,,20.3
2025-08-07T17:00:00-04:00,Georgia,33.68797,-84.29048,24,o3,19,10,0.9,,2.3,24.1,29.2,46,1020.6,0.6,0.2,
2025-08-07T16:00:00-07:00,Phoenix,33.403055555556,-112.07527777778,47,o3,20,17,4.7,,1.2,46.5,48,7,1008.1,5.1,9.2,4
2025-08-07T16:00:00-06:00,Denver,39.732146,-105.015317,18,o3,17,17,3.2,0.6,1.7,17.9,35,15,1016.6,5,9.6,
2025-08-08T08:00:00+09:00,Daegu,35.8714354,128.601445,53,pm25,53,21,22.5,3.9,5.4,17.9,7.1,71,1016,3.9,,
2025-08-08T08:00:00+09:00,Gyeonggi,37.4112,127.2579,53,pm25,53,28,14.3,2.8,5.9,4.4,25,88,1005.4,1.5,,23
2025-08-08T07:00:00+09:00,Nagoya,35.1814464,136.906398,42,pm25,42,13,13,1.5,3.4,28.9,29.4,67,1003,3.6,,
2025-08-08T08:00:00+09:00,Fukuoka,33.5903547,130.4017155,57,pm25,57,39,13.9,1.5,4.5,24.1,27.5,85.5,1004,2.5,,
2025-08-08T07:00:00+09:00,Kawasaki,35.5309058,139.7030511,38,pm25,38,11,31.5,1.5,4.5,24.1,31,59,1000,2,,
2025-08-08T07:00:00+08:00,Shenzhen,22.543099,114.057868,80,pm25,80,58,13.8,4.1,10,6.1,28.8,93,1010,0.7,,
2025-08-08T07:00:00+08:00,Zhongshan (Taiwan),25.062361,121.526528,55,pm25,55,26,6.5,0.6,2.8,8.2,27.5,85.5,1008,0.7,11.8,25
2025-08-08T07:00:00+08:00,Chongqing,29.56301,106.551557,63,pm25,63,30,6.4,1.6,3.7,23.6,28,83,1003,1.5,,
2025-08-08T02:00:00+03:00,Istanbul (Turkey),41.015278,29.025,62,pm25,62,33,4.3,2,15.4,34.8,25.1,93.6,1008.7,7.7,,24
2025-08-08T09:00:00+07:00,Hanoi,21.0491,105.8831,91,pm25,91,57,22,11,6,23,30.5,81.5,1007.5,2.5,,27
2025-08-08T08:00:00+07:00,Bangkok,13.7563309,100.5017651,69,pm25,69,20,0.6,0.6,0.1,4.8,26.4,96.5,1009.6,0.5,,
2025-08-08T08:00:00+05:30,Delhi,28.6341,77.2005,72,pm25,72,62,3.6,1.6,3.7,19.1,24.375,76.75,986.675,0.375,8.2,23
2025-08-08T07:00:00+05:30,Mumbai,19.0863,72.8888,83,pm25,83,48,1.4,14.9,0.9,11.6,27,99.92,1005.62,44.935,11.3,25
2025-08-08T11:00:00+09:00,Seoul,37.566535,126.9779692,74,pm25,74,38,18.3,4.9,5.7,44.2,27.6,70.7,994.1,1.5,,
2025-08-08T10:00:00+08:00,Beijing,39.954592,116.468117,104,pm25,104,46,16,1.6,9.1,7.8,27,88,1006,1.5,,
2025-08-08T10:00:00+08:00,Shanghai,31.2047372,121.4489017,59,pm25,59,26,8.7,4.1,6.4,21.6,34,56,1006,3.6,,
2025-08-08T10:00:00+09:00,Shinjuku (Tokyo),35.713889,139.705556,25,pm25,25,10,8.4,1.5,2.3,45.6,35,44,1002.1,0.2,1,
2025-08-08T11:00:00+09:00,Osaka,34.6937378,135.5021651,61,pm25,61,25,34.3,8.6,0.1,40,31,52,1004,2,,
2025-08-08T01:00:00+02:00,Paris,48.856614,2.3522219,58,pm25,58,28,38.6,0.6,0.1,17,17,80.5,1018,2.5,,
2025-08-08T01:00:00+01:00,London,51.5073509,-0.1277583,80,pm25,80,20,5.6,0.5,1.5,19.2,17.5,69.8,1016.8,4.3,,
2025-08-08T04:00:00+02:00,Frankfurt,50.075464,8.576305,28,pm25,28,14,,0.5,0.1,0.3,13,93,1017,1,10.2,12
2025-08-08T04:00:00+02:00,Hamburg,53.564486,9.96834,21,o3,38,17,14.2,3.6,0.1,21.2,16,82,1014,1,10.8,13
2025-08-08T05:00:00+03:00,Moscow,55.791842,37.578405,38,pm25,38,10,16,0.3,3.7,8.5,16.1,70,1020.5,3,5,
2025-08-08T10:00:00+08:00,Wuhan,30.593099,114.305393,34,pm25,34,18,6,2.6,6.4,,31,74,1005,3.6,,
2025-08-08T04:00:00+02:00,Warsaw (Poland),52.225171,21.014783,41,pm25,41,17,9.3,2,0.1,12,12,81,1019,3,,9
2025-08-08T11:00:00+09:30,Winnellie (Australia),-12.424323299931126,130.89335024356842,63,pm25,63,21,1.2,1,4.9,11.1,28.5,65.2,1012,5.32,,21.3
2025-08-08T07:00:00+05:30,Chennai (India),13.1278,80.2642,15,pm25,15,14,2.8,1.1,4,,29.763333333333335,67.92,82989.90000000001,1.1066666666666667,10.2,24
2025-08-07T20:00:00-04:00,Boston,42.325184,-71.05608,29,pm25,29,11,8.4,0.5,3.4,17.6,22.4,53.6,1027.2,,,
2025-08-07T19:00:00-04:00,Georgia,33.68797,-84.29048,20,pm25,20,10,2,,3.4,15.2,24.4,59,1022,0.6,0.1,
2025-08-07T19:00:00-07:00,Phoenix,33.403055555556,-112.07527777778,40,o3,30,16,4.7,,1.2,40,46,8,1006.7,5.6,9.7,4
2025-08-08T07:00:00+05:30,Hyderabad (India),17.417094,78.457437,100,pm25,100,65,7.4,16,4.8,6.9,23,99.42,1010,0.5566666666666668,10.2,21
2025-08-07T19:00:00-06:00,Denver,39.732146,-105.015317,21,pm25,21,17,10.1,0.6,3.1,14.7,33.3333,20.5,1016.4,2,0.5,
2025-08-08T11:00:00+09:00,Daegu,35.8714354,128.601445,42,pm25,42,19,15,5.5,5,34.8,7.1,71,1016,3.9,,
2025-08-08T11:00:00+09:00,Gyeonggi,37.4112,127.2579,46,pm25,46,30,9.4,2.6,5.3,29.9,29,65,1005.4,2,,22
2025-08-08T10:00:00+09:00,Nagoya,35.1814464,136.906398,50,pm25,50,16,11.2,1.5,3.4,39.2,35,51,1003.2,4,,
2025-08-08T11:00:00+09:00,Fukuoka,33.5903547,130.4017155,59,pm25,59,28,38,1.5,4.5,40,28,74,1006,5.6,,
2025-08-08T10:00:00+09:00,Kawasaki,35.5309058,139.7030511,65,pm25,65,44,28.8,2.9,3.4,36.8,33,57,1001,4.3,,
2025-08-08T10:00:00+08:00,Shenzhen,22.543099,114.057868,85,pm25,85,53,17.4,4.1,9.1,20.4,31.6,80,1010.2,2.1,,
2025-08-08T10:00:00+08:00,Zhongshan (Taiwan),25.062361,121.526528,65,pm25,65,30,16.6,1.2,5.2,23.6,33.5,66.5,1008,2.3,11.8,26.5
2025-08-08T10:00:00+08:00,Chongqing,29.56301,106.551557,80,pm25,80,27,9.2,2.6,5.5,27.3,32,74,1004,2.5,,
2025-08-08T05:00:00+03:00,Istanbul (Turkey),41.015278,29.025,66,pm25,66,36,0.9,2.1,15.2,33.6,24.9,82.4,1008.7,5.1,,21.7
2025-08-08T10:00:00+07:00,Hanoi,21.0491,105.8831,76,pm25,76,56,19,11,4,19,31,81.5,1008,2.8,,27.5
2025-08-08T10:00:00+07:00,Bangkok,13.7563309,100.5017651,86,pm25,86,25,0.6,0.6,0.1,4.8,29.9,8.8,1011.1,1,,
2025-08-08T09:00:00+05:30,Delhi,28.6341,77.2005,74,pm25,74,63,3.2,3.5,4.1,19.1,27.9,68.25,986.75,0.5,8.2,23
2025-08-08T09:00:00+05:30,Mumbai,19.0863,72.8888,80,pm25,80,45,1.4,14.9,0.9,11.6,27.5,99.92,1006.76,43.68,11.3,25
2025-08-08T13:00:00+09:00,Seoul,37.566535,126.9779692,85,pm25,85,38,17.4,4.8,5.8,83.3,28.7,66.7,994,1.5,,
2025-08-08T11:00:00+08:00,Beijing,39.954592,116.468117,112,pm25,112,46,12.8,1.1,6.4,14.7,27,83,1005,1.5,,
2025-08-08T11:00:00+08:00,Shanghai,31.2047372,121.4489017,74,pm25,74,27,3.7,4.1,6.4,41.5,35,56,1005,4.6,,
2025-08-08T12:00:00+09:00,Shinjuku (Tokyo),35.713889,139.705556,38,pm25,38,9,10.2,1.5,2.3,45.6,34.1,49.7,1001.8,0.2,1,
2025-08-08T13:00:00+09:00,Osaka,34.6937378,135.5021651,59,pm25,59,20,26,7.2,0.1,58.4,28,74,1003,3.6,,
2025-08-08T02:00:00+02:00,Paris,48.856614,2.3522219,25,o3,58,25,32.8,0.6,0.1,25.1,17,83.7,1018,1.8,,
2025-08-08T03:00:00+01:00,London,51.5073509,-0.1277583,47,pm25,47,21,3.7,0.6,1.9,17.9,16.3,75.8,1017.4,3.6,,
2025-08-08T06:00:00+02:00,Frankfurt,50.075464,8.576305,28,pm25,28,13,,0.5,0.1,0.3,12,96.5,1018,0.7,10.2,11.5
2025-08-08T05:00:00+02:00,Hamburg,53.564486,9.96834,14,o3,38,17,21.5,2.6,0.1,13.5,16,82,1014,1.5,10.8,13
2025-08-08T06:00:00+03:00,Moscow,55.791842,37.578405,42,pm25,42,10,16.5,0.3,4.8,8.7,16.1,70,1020.5,3,5,
2025-08-08T11:00:00+08:00,Wuhan,30.593099,114.305393,34,pm25,34,15,6.4,2.6,3.7,,32,70,1004,1.5,,
2025-08-08T05:00:00+02:00,Warsaw (Poland),52.225171,21.014783,44,pm25,44,18,9.8,2,0.1,12,12,87,1019,2.5,,10
2025-08-08T09:00:00+05:30,Chennai (India),13.1278,80.2642,54,pm25,54,36,3.5,1.1,4.9,,29.47,68.56,83102.35,1.01,10.2,26
2025-08-07T21:00:00-04:00,Boston,42.325184,-71.05608,32,pm25,32,11,10.2,0.5,4.5,17.6,21.4,59.6,1027.2,,,
2025-08-07T21:00:00-04:00,Georgia,33.68797,-84.29048,23,pm25,23,13,3.3,,3.4,8,23,60.6,1021.8,0.6,2.2,
2025-08-07T20:00:00-07:00,Phoenix,33.403055555556,-112.07527777778,34,o3,19,17,4.7,,1.2,34.4,44,8,1006.7,3.6,9.7,4
2025-08-08T09:00:00+05:30,Hyderabad (India),17.417094,78.457437,101,pm25,101,65,8.1,14.7,6.6,6.9,25,96.445,1012,0.595,10.2,22
2025-08-07T21:00:00-06:00,Denver,39.732146,-105.015317,34,pm25,34,27,18.3,0.6,10.2,6.1,28.8889,31,1017.5,1,4,
2025-08-08T12:00:00+09:00,Daegu,35.8714354,128.601445,73,o3,59,19,15,4.5,4.9,72.7,7.1,71,1016,3.9,,
2025-08-08T12:00:00+09:00,Gyeonggi,37.4112,127.2579,55,o3,42,30,9.4,2.6,5.4,55.1,30,66,1005,2,,23
2025-08-08T12:00:00+09:00,Nagoya,35.1814464,136.906398,46,pm25,46,21,10.2,1.5,2.3,43.2,35,40,1002.4,4.6,,
2025-08-08T12:00:00+09:00,Fukuoka,33.5903547,130.4017155,50,pm25,50,23,12.1,1.5,3.4,40.8,29.5,70,1005,2.2,,
2025-08-08T12:00:00+09:00,Kawasaki,35.5309058,139.7030511,70,o3,61,20,18.6,2.9,4.5,69.9,35,50,1000.5,7.7,,
2025-08-08T11:00:00+08:00,Shenzhen,22.543099,114.057868,91,pm25,91,53,14.7,4.1,8.2,31.7,32.2,82.6,1010,4,,
2025-08-08T12:00:00+08:00,Zhongshan (Taiwan),25.062361,121.526528,70,pm25,70,37,14.8,3.2,4.4,43.3,36,58,1008,3.9,11.8,26.6
2025-08-08T11:00:00+08:00,Chongqing,29.56301,106.551557,80,pm25,80,30,9.6,2.6,6.4,27.3,34,66,1004,1.5,,
2025-08-08T07:00:00+03:00,Istanbul (Turkey),41.015278,29.025,67,pm25,67,37,11.1,2.1,14.9,33.3,24.7,84.4,1008.8,7.2,,21.9
2025-08-08T11:00:00+07:00,Hanoi,21.0491,105.8831,60,pm25,60,53,26,12,8,10,33,66,1008,2,,26
2025-08-08T11:00:00+07:00,Bangkok,13.7563309,100.5017651,52,pm25,52,28,0.6,0.6,0.1,4.8,34.5,7.5,1010.8,1,,
2025-08-08T10:00:00+05:30,Delhi,28.6341,77.2005,82,pm25,82,77,2.7,3.9,3.7,23.8,28.8,66.2,986.8,0.1,8.2,23
2025-08-08T10:00:00+05:30,Mumbai,19.0863,72.8888,86,pm25,86,51,1.4,14.9,0.9,11.5,28,99.92,1006.96,44.3425,11.3,25
2025-08-08T12:00:00+08:00,Beijing,39.954592,116.468117,117,pm25,117,48,12.4,1.1,6.4,17.1,27,88,1004,0.5,,
2025-08-08T12:00:00+08:00,Shanghai,31.2047372,121.4489017,59,pm25,59,35,4.6,4.1,6.4,51.9,35.5,56,1005,4.6,,
2025-08-08T03:00:00+02:00,Paris,48.856614,2.3522219,26,o3,69,24,27.4,0.6,0.1,25.8,16,85.7,1018,2,,
2025-08-08T04:00:00+01:00,London,51.5073509,-0.1277583,53,pm25,53,21,3.7,0.6,1.9,17.5,15.8,78.7,1017.7,4.5,,
2025-08-08T06:00:00+02:00,Hamburg,53.564486,9.96834,14,o3,38,17,24.3,1.6,0.1,13.5,16,82,1014,1.5,10.8,13
2025-08-08T07:00:00+03:00,Moscow,55.791842,37.578405,53,pm25,53,11,21.1,0.2,8.2,7,15.5,74,1021.2,5.5,8.5,
2025-08-08T12:00:00+08:00,Wuhan,30.593099,114.305393,30,pm25,30,16,8.3,2.6,3.7,,33,70,1004,1.5,,
2025-08-08T06:00:00+02:00,Warsaw (Poland),52.225171,21.014783,47,pm25,47,21,12.6,2,0.1,12,12,87,1019,2.5,,10
2025-08-08T13:00:00+09:30,Winnellie (Australia),-12.424323299931126,130.89335024356842,23,pm25,23,14,1.2,0.8,4.7,10.5,29.3,65.2,1009.8,10.58,,22.8
2025-08-08T10:00:00+05:30,Chennai (India),13.1278,80.2642,71,pm25,71,59,4.4,2.4,2.3,,29.48,66.07,83084.6,1.28,10.2,25.5
2025-08-07T22:00:00-04:00,Georgia,33.68797,-84.29048,25,pm25,25,15,2.6,,2.6,10.4,22.1,60.8,1021.9,0.6,1,
2025-08-07T21:00:00-07:00,Phoenix,33.403055555556,-112.07527777778,43,pm25,43,31,4.7,,2.3,26.4,44,8,1007.4,6.1,9.7,4
2025-08-08T10:00:00+05:30,Hyderabad (India),17.417094,78.457437,100,pm25,100,65,6.6,14.4,6.8,7,25.5,80.98,1012,0.24,10.2,22
2025-08-08T13:00:00+09:00,Daegu,35.8714354,128.601445,87,o3,65,26,11.3,4.5,5.2,86.6,7.1,71,1016,3.9,,
2025-08-08T13:00:00+09:00,Gyeonggi,37.4112,127.2579,65,o3,53,32,8.5,2.6,5.2,64.7,31,52,1004.7,2,,20
2025-08-08T13:00:00+09:00,Fukuoka,33.5903547,130.4017155,57,pm25,57,22,28.8,1.5,3.4,42.4,30,70,1005,1,,
2025-08-08T12:00:00+08:00,Shenzhen,22.543099,114.057868,127,pm25,127,61,10.1,3.6,8.2,58.4,33.2,79,1009,3,,
2025-08-08T12:00:00+08:00,Chongqing,29.56301,106.551557,70,pm25,70,22,6.4,3.1,5.5,55.2,34,66,1003,1.5,,
2025-08-08T12:00:00+07:00,Hanoi,21.0491,105.8831,63,pm25,63,53,24,11,7,12,34,66,1007,2,,27
2025-08-08T12:00:00+07:00,Bangkok,13.7563309,100.5017651,43,pm25,43,28,0.6,0.6,0.1,4.8,34.5,8.3,1010.8,1,,
2025-08-08T11:00:00+05:30,Delhi,28.6341,77.2005,73,pm10,68,73,3.3,3.7,3,30.5,30.025,64.64999999999999,986.7750000000001,0.5499999999999999,8.2,24
2025-08-08T14:00:00+09:00,Seoul,37.566535,126.9779692,87,pm25,87,41,16.5,4.5,6.4,78.9,30.1,62.7,993.2,2,,
2025-08-08T13:00:00+08:00,Beijing,39.954592,116.468117,114,pm25,114,45,11,1.1,5.5,21.2,27,88,1004,1.5,,
2025-08-08T13:00:00+08:00,Shanghai,31.2047372,121.4489017,76,pm25,76,46,4.6,4.1,7.3,51.9,35,53,1004,4.6,,
2025-08-08T13:00:00+09:00,Shinjuku (Tokyo),35.713889,139.705556,63,pm25,63,19,30.6,1.5,3.4,45.6,29.4,71,1002.8,0.2,1,
2025-08-08T05:00:00+02:00,Paris,48.856614,2.3522219,28,pm10,43,28,20.3,0.6,0.1,24.3,15.5,87,1019,1.8,,
2025-08-08T05:00:00+01:00,London,51.5073509,-0.1277583,53,pm25,53,21,7.1,0.6,1.5,12.3,15.5,81,1018.6,3.8,,
2025-08-08T07:00:00+02:00,Frankfurt,50.075464,8.576305,29,pm25,29,14,,0.5,0.1,0.5,13,93,1018,0.7,10.2,12
2025-08-08T07:00:00+02:00,Hamburg,53.564486,9.96834,16,pm10,38,16,25.6,1.6,0.1,14.3,16.5,79.5,1014,1.8,10.8,13
2025-08-08T08:00:00+03:00,Moscow,55.791842,37.578405,59,pm25,59,12,22.9,0.3,12.4,6.9,16.6,72,1021.2,6.5,8.5,
2025-08-08T13:00:00+08:00,Wuhan,30.593099,114.305393,30,pm25,30,17,8.7,3.6,8.2,,34,63,1003,3.6,,
2025-08-08T07:00:00+02:00,Warsaw (Poland),52.225171,21.014783,45,pm25,45,19,15,2,0.1,12,14,76,1019,3.6,,10
2025-08-08T14:00:00+09:30,Winnellie (Australia),-12.424323299931126,130.89335024356842,59,pm25,59,30,0.9,0.9,4.9,11.1,29.3,67,1009.8,10.56,,22.8
2025-08-08T11:00:00+05:30,Chennai (India),13.1278,80.2642,104,pm25,104,77,3.3,2.5,2.6,,29.5225,67.2175,83065.475,1.6700000000000002,10.2,25
2025-08-08T00:00:00-04:00,Boston,42.325184,-71.05608,28,pm25,28,10,12.1,0.5,4.5,12.8,19.2,68.6,1026.9,,,
2025-08-07T23:00:00-04:00,Georgia,33.68797,-84.29048,30,pm25,30,15,1.8,,2.3,10.4,21.4,60.2,1021.5,0.6,0.8,
2025-08-07T22:00:00-07:00,Phoenix,33.403055555556,-112.07527777778,42,pm25,42,35,4.7,,3.4,16.8,43,9,1007.4,4.6,9.7,4
2025-08-08T11:00:00+05:30,Hyderabad (India),17.417094,78.457437,81,pm25,81,64,6.2,14.5,6.4,6.9,26,78.6925,1012,0.47000000000000003,10.2,22
2025-08-07T22:00:00-06:00,Denver,39.732146,-105.015317,38,pm25,38,30,18.3,0.6,9.7,7.8,27.7778,30,1017.4,2,4,
2025-08-08T14:00:00+09:00,Daegu,35.8714354,128.601445,81,o3,61,26,10.8,4.3,5,81.3,7.1,71,1016,3.9,,
2025-08-08T14:00:00+09:00,Gyeonggi,37.4112,127.2579,69,o3,57,32,8.8,2.6,4.9,69.2,31,55,1004.3,3,,21
2025-08-08T13:00:00+09:00,Nagoya,35.1814464,136.906398,44,o3,38,12,7.5,1.5,1.2,44,35,38,1002,4.2,,
2025-08-08T14:00:00+09:00,Fukuoka,33.5903547,130.4017155,55,pm25,55,21,30.6,2.9,5.6,42.4,31,66,1004,0.5,,
2025-08-08T13:00:00+09:00,Kawasaki,35.5309058,139.7030511,67,o3,59,40,14.9,2.9,4.5,67.4,32,52,1000,6.1,,
2025-08-08T13:00:00+08:00,Shenzhen,22.543099,114.057868,127,pm25,127,57,11.5,4.6,8.2,81.9,34.1,73,1009,1.5,,
2025-08-08T13:00:00+08:00,Zhongshan (Taiwan),25.062361,121.526528,85,pm25,85,37,12.2,3.2,3.8,52,34,66,1008,6.1,11.8,27
2025-08-08T13:00:00+08:00,Chongqing,29.56301,106.551557,74,o3,55,23,5.5,4.1,5.5,74,36,56,1003,2.5,,
2025-08-08T08:00:00+03:00,Istanbul (Turkey),41.015278,29.025,68,pm25,68,38,11.1,2.1,14.7,34.8,24.7,79.4,1009.2,4.6,,20.9
